Number,Name,Evolved Form,True Form,Rarity,TF,Red Catfruit,Purple Catfruit,Blue Catfruit,Green Catfruit,Yellow Catfruit,Ancient Catfruit,Gold Catfruit,Aku Catfruit,Epic Catfruit,Red Catfruit Seed,Green Catfruit Seed,Purple Catfruit Seed,Blue Catfruit Seed,Yellow Catfruit Seed,Ancient Catfruit Seed,Gold Catfruit Seed,Aku Catfruit Seed,Epic Catfruit Seed,Purple Behemoth Stone,Red Behemoth Stone,Blue Behemoth Stone,Green Behemoth Stone,Yellow Behemoth Stone,Epic Behemoth Stone,Purple Behemoth Gem,Blue Behemoth Gem,Red Behemoth Gem,Green Behemoth Gem,Yellow Behemoth Gem
,None,,,,,,,,,,,,,,,,,,,,,,,,,,,,,,,,,
No.001,Cat,Macho Cat,Mohawk Cat,Normal,Levels,,,,,,,,,,,,,,,,,,,,,,,,,,,,,
No.002,Tank Cat,Wall Cat,Eraser Cat,Normal,Levels,,,,,,,,,,,,,,,,,,,,,,,,,,,,,
No.003,Axe Cat,Brave Cat,Dark Cat,Normal,Levels,,,,,,,,,,,,,,,,,,,,,,,,,,,,,
No.004,Gross Cat,Sexy Legs Cat,Macho Leg Cat,Normal,Levels,,,,,,,,,,,,,,,,,,,,,,,,,,,,,
No.005,Cow Cat,Giraffe Cat,Lion Cat,Normal,Levels,,,,,,,,,,,,,,,,,,,,,,,,,,,,,
No.006,Bird Cat,UFO Cat,The Flying Cat,Normal,Levels,,,,,,,,,,,,,,,,,,,,,,,,,,,,,
No.007,Fish Cat,Whale Cat,Island Cat,Normal,Levels,,,,,,,,,,,,,,,,,,,,,,,,,,,,,
No.008,Lizard Cat,Dragon Cat,King Dragon Cat,Normal,Levels,,,,,,,,,,,,,,,,,,,,,,,,,,,,,
No.009,Titan Cat,Mythical Titan Cat,Jamiera Cat,Normal,Levels,,,,,,,,,,,,,,,,,,,,,,,,,,,,,
No.010,Actress Cat,Mother Cat,Beefcake Cat,Special,Awakens,,,,,,,,,,,,,,,,,,,,,,,,,,,,,
No.011,Kung Fu Cat,Drunken Master Cat,Dancer Cat,Special,Awakens,,,,,,,,,,,,,,,,,,,,,,,,,,,,,
No.012,Mr.,Super Mr.,Hyper Mr.,Special,Awakens,,,,,,,,,,,,,,,,,,,,,,,,,,,,,
No.013,Bondage Cat,Bondage CatNEO,Ultimate Bondage Cat,Special,Awakens,,,,,,,,,,,,,,,,,,,,,,,,,,,,,
No.014,Dom Cat,Executioner,Dark Lazer,Special,Awakens,,,,,,,,,,,,,,,,,,,,,,,,,,,,,
No.015,Cats in a Box,Cat Gang,Heavy Assault C.A.T.,Special,Awakens,,,,,,,,,,,,,,,,,,,,,,,,,,,,,
No.016,Panties Cat,Leaf Cat,Lollycat,Special,Awakens,,,,,,,,,,,,,,,,,,,,,,,,,,,,,
No.017,Moneko,Miss MONEKO,Superstar MONEKO,Special,,,,,,,,,,,,,,,,,,,,,,,,,,,,,,
No.018,Tricycle Cat,Biker Cat,Unicycle Cat,Special,Awakens,,,,,,,,,,,,,,,,,,,,,,,,,,,,,
No.019,Ninja Cat,Ninja Frog Cat,Flying Ninja Cat,Special,Awakens,,,,,,,,,,,,,,,,,,,,,,,,,,,,,
No.020,Zombie Cat,Devil Cat,Skelecat,Special,Awakens,,,,,,,,,,,,,,,,,,,,,,,,,,,,,
No.021,Samurai Cat,Knight Cat,Pastry Cat,Special,Awakens,,,,,,,,,,,,,,,,,,,,,,,,,,,,,
No.022,Sumo Cat,Madame Sumo,Riceball Cat,Special,Awakens,,,,,,,,,,,,,,,,,,,,,,,,,,,,,
No.023,Boogie Cat,Samba Cat,Gato Amigo,Special,Awakens,,,,,,,,,,,,,,,,,,,,,,,,,,,,,
No.024,Skirt Cat,Tights Cat,Loincloth Cat,Special,Awakens,,,,,,,,,,,,,,,,,,,,,,,,,,,,,
No.025,Valkyrie Cat,True Valkyrie Cat,Holy Valkyrie Cat,Special,ITF2,,,,,,,,,,,,,,,,,,,,,,,,,,,,,
No.026,Bahamut Cat,Crazed Bahamut Cat,Awakened Bahamut Cat,Special,ITF3,,,,,,,,,,,,,,,,,,,,,,,,,,,,,
No.027,Kerihime,Full color Kerihime,Bridal Princess Punt,Special,,,,,,,,,,,,,,,,,,,,,,,,,,,,,,
No.028,Cat Princess,Cat Princess beauty,No True Form,Special,None,,,,,,,,,,,,,,,,,,,,,,,,,,,,,
No.029,Capsule Cat,Cramped Cats,No True Form,Special,None,,,,,,,,,,,,,,,,,,,,,,,,,,,,,
No.030,Masked Cat,Luchador Cat,No True Form,Special,None,,,,,,,,,,,,,,,,,,,,,,,,,,,,,
No.031,Bodhisattva Cat,Avalokitesvara Cat,Tathagata Cat,Super Rare,Catfruit,,2,1,4,1,,,,1,,,,,,,,,,,,,,,,,,,,
No.032,Delinquent Cat,Angry Delinquent Cat,Ultra Delinquent Cat,Super Rare,Catfruit,1,1,,4,2,1,,,,,,,,,,,,,,,,,,,,,,,
No.033,Hip Hop Cat,Dancing Flasher Cat,Can Can Cat,Super Rare,Catfruit,4,2,1,,1,,,,1,,,,,,,,,,,,,,,,,,,,
No.034,Kotatsu Cat,Sadako Cat,Octopus Cat,Super Rare,Catfruit,2,1,1,4,,,,,1,,,,,,,,,,,,,,,,,,,,
No.035,Nekoluga,Unknown Cat,Ultralan Pasalan,Uber Rare,Catfruit,6,7,7,7,,,,,2,,,,,,,,,,,,,,,,,,,,
No.036,Nerd Cat,Hacker Cat,Cyberpunk Cat,Super Rare,Catfruit,2,2,2,2,,,,,1,,,,,,,,,,,,,,,,,,,,
No.037,Swimmer Cat,Butterfly Cat,Fishman Cat,Super Rare,Catfruit,1,,2,4,1,,,,1,,,,,,,,,,,,,,,,,,,,
No.038,Pogo Cat,Masai Cat,Jiangshi Cat,Rare,Catfruit,,,1,1,,,,,,3,,2,,3,,,,,,,,,,,,,,,
No.039,Wheel Cat,Solar Cat,Chill Cat,Rare,Catfruit,,,2,,,,,,,3,2,1,,2,,,,,,,,,,,,,,,
No.040,Apple Cat,Face Cat,iCat,Super Rare,Catfruit,4,,1,1,2,,,,1,,,,,,,,,,,,,,,,,,,,
No.041,Bath Cat,Sexy Bathtub Cat,Luxury Bath Cat,Super Rare,Catfruit,4,,1,1,2,,,,1,,,,,,,,,,,,,,,,,,,,
No.042,Salon Cat,Paris Cat,Cyborg Cat,Rare,Catfruit,1,,1,,,,,,,,3,2,,3,,,,,,,,,,,,,,,
No.043,Ice Cat,Ice Queen Cat,Ice Crystal Cat,Uber Rare,Catfruit,8,4,3,,6,,,,4,,,,,,,,,,,,,,,,,,,,
No.044,Cat Machine,Cat Machine Mk 2,Cat Machine Mk 3,Uber Rare,Catfruit,7,4,7,,3,,,,4,,,,,,,,,,,,,,,,,,,,
No.045,Lesser Demon Cat,Greater Demon Cat,Greater Balrog Cat,Uber Rare,Catfruit,5,7,,5,7,,,,3,,,,,,,,,,,,,,,,,,,,
No.046,Maiko Cat,Geisha Cat,No True Form,Special,None,,,,,,,,,,,,,,,,,,,,,,,,,,,,,
No.047,Jurassic Cat,Jurassic Cat Sitter,Catasaurus,Rare,Catfruit,1,,,1,,,,,,,,3,2,3,,,,,,,,,,,,,,,
No.048,Viking Cat,Thor Cat,Maximum the Fighter,Rare,Catfruit,2,,,,,,,,,,2,3,2,1,,,,,,,,,,,,,,,
No.049,Pirate Cat,Captain Cat,Dread Pirate Catley,Rare,Catfruit,2,,,,,,,,,,3,2,2,1,,,,,,,,,,,,,,,
No.050,Thief Cat,Phantom Thief Cat,Goemon Cat,Rare,Catfruit,,1,,1,,,,,,3,3,,2,,,,,,,,,,,,,,,,
No.051,Bishop Cat,Monk Cat,Sanzo Cat,Rare,Catfruit,,,,2,,,,,,2,,1,2,3,,,,,,,,,,,,,,,
No.052,Fortune Teller Cat,Fisherman Cat,Doctor Cat,Rare,Catfruit,,,,2,,,,,,3,,1,2,2,,,,,,,,,,,,,,,
No.053,Shaman Cat,Necromancer Cat,Necro-Dancer Cat,Rare,Catfruit,,,,2,,,,,,2,,3,2,1,,,,,,,,,,,,,,,
No.054,Evangelist Cat,Filibuster Cat,No True Form,Uber Rare,None,,,,,,,,,,,,,,,,,,,,,,,,,,,,,
No.055,Type 10,Cat Transportation Type 10,No True Form,Special,None,,,,,,,,,,,,,,,,,,,,,,,,,,,,,
No.056,Witch Cat,Sorceress Cat,Enchantress Cat,Rare,Catfruit,2,,,,,,,,,,3,2,2,1,,,,,,,,,,,,,,,
No.057,Archer Cat,Cupid Cat,Cataur,Rare,Catfruit,,,,2,,,,,,2,,1,3,2,,,,,,,,,,,,,,,
No.058,Marauder Cat,Berserker Cat,Paladin Cat,Uber Rare,Catfruit,,5,4,4,4,,,,3,,,,,,,,,,,,,,,,,,,,
No.059,Swordsman Cat,Sword Master Cat,Elemental Duelist Cat,Rare,Catfruit,2,,,,,,,,,,3,2,2,1,,,,,,,,,,,,,,,
No.060,Baby Cat,Baby Cats,Cats in the Cradle,Uber Rare,Catfruit,3,,6,6,4,,,,4,,,,,,,,,,,,,,,,,,,,
No.061,Bronze Cat,Michelangelo Cat,Quizmaster Cat,Rare,,,,,,,,,,,,,,,,,,,,,,,,,,,,,,
No.062,Sushi Cat,Fried Shrimp Cat,Roe Cat,Super Rare,Catfruit,4,2,,1,1,,,,1,,,,,,,,,,,,,,,,,,,,
No.063,Toy Machine Cat,Vendor Cat,No True Form,Special,None,,,,,,,,,,,,,,,,,,,,,,,,,,,,,
No.064,Sports Day Cat,Kidnapper Cats,Rampage Cats,Rare,,,,,,,,,,,,,,,,,,,,,,,,,,,,,,
No.065,Swordsman,Swordsman Johnny,No True Form,Rare,None,,,,,,,,,,,,,,,,,,,,,,,,,,,,,
No.066,Cow Princess,Giraffe Princess,No True Form,Rare,None,,,,,,,,,,,,,,,,,,,,,,,,,,,,,
No.067,PPT48,Dark PPT48,PPT46,Uber Rare,Catfruit,,,,,,,,,3,,,,,,,,,,,,,,,,,,,,
No.068,Li'l Gau,Li'l Gau Gau,Crystal Li'l Gau Gau,Rare,Catfruit,,,,,,,,,,,,2,1,1,,,,,,,,,,,,,,,
No.069,Reaper,Reaper 999,Judgment,Super Rare,Catfruit,,3,,,,,,,,,,,,,,,,,,,,,,,,,,,
No.070,Sleeping Beauty Punt,Sleeping Beauty Punt II,Oversleeping Beauty Punt,Super Rare,,,,,,,,,,,,,,,,,,,,,,,,,,,,,,
No.071,Salaryman Cat,Grudge Cat,Ritual Cat,Rare,,,,,,,,,,,,,,,,,,,,,,,,,,,,,,
No.072,Sanada Yukimura,Wargod Yukimura,Immortal Yukimura,Uber Rare,Catfruit,4,8,5,,3,,,,4,,,,,,,,,,,,,,,,,,,,
No.073,Maeda Keiji,Wargod Keiji,Immortal Keiji,Uber Rare,Catfruit,4,8,6,3,,,,,4,,,,,,,,,,,,,,,,,,,,
No.074,Oda Nobunaga,Wargod Nobunaga,Immortal Nobunaga,Uber Rare,Catfruit,,8,4,6,3,,,,4,,,,,,,,,,,,,,,,,,,,
No.075,Reindeer Fish Cat,Sashimi Cat,Xmas Pudding Cat,Rare,,,,,,,,,,,,,,,,,,,,,,,,,,,,,,
No.076,Windy,"Windy, type α",Divine Windy,Uber Rare,Catfruit,2,4,,8,5,,,,4,,,,,,,,,,,,,,,,,,,,
No.077,Thundia,"Thundia, type β",Divine Thundia,Uber Rare,Catfruit,8,4,3,,4,,,,4,,,,,,,,,,,,,,,,,,,,
No.078,Droid Cat,Droid Cat Mk 2,SpringDroid,Rare,,,,,,,,,,,,,,,,,,,,,,,,,,,,,,
No.079,Space Cat,Major Space Cat,Space Marine Cat,Rare,,,,,,,,,,,,,,,,,,,,,,,,,,,,,,
No.080,Adult Cat,Sick Cat,Prisoner Cat,Rare,,,,,,,,,,,,,,,,,,,,,,,,,,,,,,
No.081,Evil Cat,Gentleman Cat,Gentleman Bros.,Rare,,,,,,,,,,,,,,,,,,,,,,,,,,,,,,
No.082,Doll Cats,Cat-o-tron,Nyalladin,Rare,,,,,,,,,,,,,,,,,,,,,,,,,,,,,,
No.083,Blue Shinobi,Orange Shinobi,No True Form,Special,None,,,,,,,,,,,,,,,,,,,,,,,,,,,,,
No.084,Sodom,Earth King Sodom,God-Emperor Sodom,Uber Rare,Catfruit,,3,3,7,4,,,,3,,,,,,,,,,,,,,,,,,,,
No.085,Megidora,Holy Dragon Megidora,God-Emperor Megidora,Uber Rare,Catfruit,,3,4,8,4,,,,4,,,,,,,,,,,,,,,,,,,,
No.086,Vars,Dragon King Vars,God-Emperor Vars,Uber Rare,Catfruit,,8,3,3,5,,,,4,,,,,,,,,,,,,,,,,,,,
No.087,Kamukura,God Dragon Kamukura,God-Emperor Kamukura,Uber Rare,Catfruit,8,4,3,,3,,,,3,,,,,,,,,,,,,,,,,,,,
No.088,Raiden,Dragonslayer Raiden,God-Emperor Raiden,Uber Rare,Catfruit,8,,3,4,3,,,,3,,,,,,,,,,,,,,,,,,,,
No.089,Rope Jump Cat,Pair Rope Jump Cat,Noodle Cats,Rare,,,,,,,,,,,,,,,,,,,,,,,,,,,,,,
No.090,Nimue,Neutralization Type Nimue,No True Form,Uber Rare,None,,,,,,,,,,,,,,,,,,,,,,,,,,,,,
No.091,Monkey King,SSS Monkey King,No True Form,Uber Rare,None,,,,,,,,,,,,,,,,,,,,,,,,,,,,,
No.092,Crazed Cat,Crazed Macho Cat,Manic Mohawk Cat,Super Rare,,,,,,,,,,,,,,,,,,,,,,,,,,,,,,
No.093,Crazed Tank Cat,Crazed Wall Cat,Manic Eraser Cat,Super Rare,,,,,,,,,,,,,,,,,,,,,,,,,,,,,,
No.094,Crazed Ae Cat,Crazed Brave Cat,Manic Dark Cat,Super Rare,,,,,,,,,,,,,,,,,,,,,,,,,,,,,,
No.095,Crazed Gross Cat,Crazed Sexy Legs Cat,Manic Macho Legs,Super Rare,,,,,,,,,,,,,,,,,,,,,,,,,,,,,,
No.096,Crazed Cow Cat,Crazed Giraffe Cat,Manic Lion Cat,Super Rare,,,,,,,,,,,,,,,,,,,,,,,,,,,,,,
No.097,Crazed Bird Cat,Crazed UFO Cat,Manic Flying Cat,Super Rare,,,,,,,,,,,,,,,,,,,,,,,,,,,,,,
No.098,Crazed Fish Cat,Crazed Whale Cat,Manic Island Cat,Super Rare,,,,,,,,,,,,,,,,,,,,,,,,,,,,,,
No.099,Crazed Lizard Cat,Crazed Dragon Cat,Manic King Dragon,Super Rare,,,,,,,,,,,,,,,,,,,,,,,,,,,,,,
No.100,Crazed Titan Cat,Crazed M. Titan Cat,Manic Jamiera Cat,Super Rare,,,,,,,,,,,,,,,,,,,,,,,,,,,,,,
No.101,Maiden Cat,Sportsgirl Cat,Wrestling Cat,Rare,,,,,,,,,,,,,,,,,,,,,,,,,,,,,,
No.102,Clone Elle,Clone Elle CC,No True Form,Special,None,,,,,,,,,,,,,,,,,,,,,,,,,,,,,
No.103,Red Marron,Red Marron CC,No True Form,Special,None,,,,,,,,,,,,,,,,,,,,,,,,,,,,,
No.104,Cabaret Cat,Mega Cat,Mega Cat EX,Special,,,,,,,,,,,,,,,,,,,,,,,,,,,,,,
No.105,Koi Cat,Gross Koi Cat,Kiss and Koi,Rare,,,,,,,,,,,,,,,,,,,,,,,,,,,,,,
No.106,Kuu,"Kuu, type γ",Divine Kuu,Uber Rare,Catfruit,6,6,2,3,,,,,3,,,,,,,,,,,,,,,,,,,,
No.107,Kai,"Kai, type μ",Divine Kai,Uber Rare,Catfruit,,4,3,7,3,,,,3,,,,,,,,,,,,,,,,,,,,
No.108,Coppermine,"Coppermine, type κ",Divine Coppermine,Uber Rare,Catfruit,4,,3,7,3,,,,3,,,,,,,,,,,,,,,,,,,,
No.109,Cat Bros,Secret Base,No True Form,Special,None,,,,,,,,,,,,,,,,,,,,,,,,,,,,,
No.110,Madam Bride,Madam King,Madam the Savannah,Rare,,,,,,,,,,,,,,,,,,,,,,,,,,,,,,
No.111,Celesse,Celesse CC,No True Form,Rare,None,,,,,,,,,,,,,,,,,,,,,,,,,,,,,
No.112,Nono,Nono CC,Wild Prancing White Cat Nono CC,Rare,Catfruit,,,,,,,,,,,1,2,1,,,,,,,,,,,,,,,,
No.113,Olga,Olga CC,No True Form,Rare,None,,,,,,,,,,,,,,,,,,,,,,,,,,,,,
No.114,Norn,Norn CC,No True Form,Rare,None,,,,,,,,,,,,,,,,,,,,,,,,,,,,,
No.115,Yoichi,Yoichi CC,No True Form,Rare,None,,,,,,,,,,,,,,,,,,,,,,,,,,,,,
No.116,Serum,Serum CC,No True Form,Rare,None,,,,,,,,,,,,,,,,,,,,,,,,,,,,,
No.117,Fuu,Fuu CC,No True Form,Rare,None,,,,,,,,,,,,,,,,,,,,,,,,,,,,,
No.118,Aura,Aura CC,No True Form,Super Rare,None,,,,,,,,,,,,,,,,,,,,,,,,,,,,,
No.119,Rei,Rei CC,No True Form,Super Rare,None,,,,,,,,,,,,,,,,,,,,,,,,,,,,,
No.120,Wyvern,Wyvern Cat,Wyvern Cat & Alec,Uber Rare,Catfruit,,3,3,,,,,,6,,,,,,,,,,,,,,,,,,,,
No.121,Healer,Healer CC,Healer Cat CC,Special,,,,,,,,,,,,,,,,,,,,,,,,,,,,,,
No.122,Merc,Merc CC,Merc & Cat CC,Special,,,,,,,,,,,,,,,,,,,,,,,,,,,,,,
No.123,Vacation Queen,Office Lady Cat,Call Center Cat,Rare,,,,,,,,,,,,,,,,,,,,,,,,,,,,,,
No.124,Bean Cats,Brah Cats,Val Val Cat,Special,,,,,,,,,,,,,,,,,,,,,,,,,,,,,,
No.125,Date Masamune,Wargod Masamune,Immortal Masamune,Uber Rare,Catfruit,6,6,3,,3,,,,3,,,,,,,,,,,,,,,,,,,,
No.126,Takeda Shingen,Wargod Shingen,Immortal Shingen,Uber Rare,Catfruit,3,6,6,3,,,,,3,,,,,,,,,,,,,,,,,,,,
No.127,Clockwork Cat,Puppetmaster Cat,Puppetmaster & Charley,Rare,,,,,,,,,,,,,,,,,,,,,,,,,,,,,,
No.128,Flower Cat,Cooldown Cat,Bombercat,Special,,,,,,,,,,,,,,,,,,,,,,,,,,,,,,
No.129,Vengeful Cat,Groucho Cat,Kite Cat,Rare,,,,,,,,,,,,,,,,,,,,,,,,,,,,,,
No.130,Gold Cat,Gold Macho Cat,Glittering Macho Cat,Super Rare,Catfruit,,,,,,,1,,,,,,,,,,,,,,,,,,,,,,
No.131,Ururun Wolf,Ururun Cat,Awakened Ururun,Special,Catfruit,,,,,,1,,,,,5,5,5,5,,,,,,,,,,,,,,,
No.132,Neneko,Miss NENEKO,No True Form,Super Rare,None,,,,,,,,,,,,,,,,,,,,,,,,,,,,,
No.133,Kung Fu X Cat ,Drunken Master Cat X,Iron Claw X,Rare,,,,,,,,,,,,,,,,,,,,,,,,,,,,,,
No.134,Hikakin,Bikyakin,Mukyakin,Special,,,,,,,,,,,,,,,,,,,,,,,,,,,,,,
No.135,Urashima Taro,Guardian Gamereon,King Gamereon,Uber Rare,Catfruit,2,7,3,,7,,,,4,,,,,,,,,,,,,,,,,,,,
No.136,The Grateful Crane,Super Galaxy Cosmo,Ultima Galaxy Cosmo,Uber Rare,Catfruit,,,,,30,,,,10,,,,,,,,,,,,,,,,,,,,
No.137,Momotaro,The Peach Angels,The Peach Devils,Uber Rare,Catfruit,7,,3,2,7,,,,4,,,,,,,,,,,,,,,,,,,,
No.138,Kasa Jizo,Jizo's Moving Castle,Jizo's Mega-Castle,Uber Rare,Catfruit,3,7,,2,7,,,,4,,,,,,,,,,,,,,,,,,,,
No.139,Princess Kaguya,The Death Moon,The Chaos Moon,Uber Rare,Catfruit,3,,5,3,7,,,,3,,,,,,,,,,,,,,,,,,,,
No.141,Squish Ball Cat,Nekondo HG,Nekondo SP,Special,,,,,,,,,,,,,,,,,,,,,,,,,,,,,,
No.142,God,Secret God,No True Form,Special,None,,,,,,,,,,,,,,,,,,,,,,,,,,,,,
No.143,Tutorial Cat,Behind Tutorial,No True Form,Special,None,,,,,,,,,,,,,,,,,,,,,,,,,,,,,
No.144,Nurse Cat,Heartful Nurse Cat,Joyful Nurse Cat,Uber Rare,Catfruit,3,6,3,6,,,,,3,,,,,,,,,,,,,,,,,,,,
No.145,Cat Base Mini,Cat Base Jr.,Cat Base Ultra,Super Rare,Catfruit,,,,,,,,,5,,,1,,,,,,,,,,,,,,,,,
No.146,Cat Gunslinger,Cat Eastwood,Rodeo Cat,Rare,Catfruit,,2,,,,,,,,2,1,,3,2,,,,,,,,,,,,,,,
No.147,Stilts Cat,Totem Cat,Acrobat Cats,Rare,Catfruit,,,,,2,,,,,2,3,1,2,,,,,,,,,,,,,,,,
No.148,Tin Cat,Plane Cat,Robocat,Rare,Catfruit,,2,,,,,,,,2,3,,2,1,,,,,,,,,,,,,,,
No.149,Rocker Cat,Artist Cat,Ramen Cat,Rare,Catfruit,,,,,2,,,,,2,3,2,1,,,,,,,,,,,,,,,,
No.150,Mer-Cat,Commando Cat,Cameraman Cat,Rare,Catfruit,,,,2,,,,,,3,,2,1,2,,,,,,,,,,,,,,,
No.151,Juliet Cat,Princess Juliet Cat,Juliet the Maiko,Super Rare,Catfruit,2,1,1,,4,,,,1,,,,,,,,,,,,,,,,,,,,
No.152,Weightlifter Cat,Ring Girl Cat,Pizza Cat,Super Rare,Catfruit,1,1,2,1,,,,,1,,,,,,,,,,,,,,,,,,,,
No.153,Figure Skating Cats,Drama Cats,Slapstick Cats,Super Rare,Catfruit,2,2,2,,2,1,,,,,,,,,,,,,,,,,,,,,,,
No.154,Cat Toaster,Cat Projector,Catophone,Super Rare,Catfruit,1,,1,2,4,,,,1,,,,,,,,,,,,,,,,,,,,
No.155,Hoop Cat,Showoff Cat,Hoopmaster Cat,Rare,,,,,,,,,,,,,,,,,,,,,,,,,,,,,,
No.157,Dragon League Swordsman,Dragon League Witch,No True Form,Rare,None,,,,,,,,,,,,,,,,,,,,,,,,,,,,,
No.158,Nubobo,Gorubo,No True Form,Special,None,,,,,,,,,,,,,,,,,,,,,,,,,,,,,
No.159,Uesugi Kenshin,Wargod Kenshin,Immortal Kenshin,Uber Rare,Catfruit,4,7,3,,4,,,,3,,,,,,,,,,,,,,,,,,,,
No.160,Kalisa,"Kalisa, type χ",Divine Kalisa,Uber Rare,Catfruit,4,3,,4,7,,,,3,,,,,,,,,,,,,,,,,,,,
No.161,Yurinchi,Phoenix Yurinchi,Gekirinchi,Super Rare,Catfruit,,,,,3,,,,,,,,,,,,,,,,,,,,,,,,
No.162,Crazed Princess Punt,Crazed Princess Punt CC,Manic Princess Punt,Uber Rare,Catfruit,,,,,,,,,3,,,,,,,,,,,,,,,,,,,,
No.163,Sho Ayanokoji,Shoyan & Cat,No True Form,Special,None,,,,,,,,,,,,,,,,,,,,,,,,,,,,,
No.164,Hikaru Saotome,Hikaru & Cat,No True Form,Special,None,,,,,,,,,,,,,,,,,,,,,,,,,,,,,
No.165,Hitomi Saionji,Tommy & Cat,No True Form,Special,None,,,,,,,,,,,,,,,,,,,,,,,,,,,,,
No.166,Hoshi Grandmarnier,Ranma & Cat,No True Form,Special,None,,,,,,,,,,,,,,,,,,,,,,,,,,,,,
No.167,Shouchikubai Shiratori,Matsu & Cat,No True Form,Special,None,,,,,,,,,,,,,,,,,,,,,,,,,,,,,
No.168,Yankee Cat,Sukeban Cat,No True Form,Rare,None,,,,,,,,,,,,,,,,,,,,,,,,,,,,,
No.169,Asiluga,Asilan Pasalan,Assassinlan Pasalan,Uber Rare,Catfruit,,6,5,5,5,,,,2,,,,,,,,,,,,,,,,,,,,
No.170,Kubiluga,Kubilan Pasalan,E. Kubilan Pasalan,Uber Rare,Catfruit,5,5,5,6,,,,,2,,,,,,,,,,,,,,,,,,,,
No.171,Tecoluga,Tesalan Pasalan,Lufalan Pasalan,Uber Rare,Catfruit,5,,5,6,5,,,,3,,,,,,,,,,,,,,,,,,,,
No.172,Balaluga,Balalan Pasalan,Piccolan Pasalan,Uber Rare,Catfruit,5,5,,5,6,,,,2,,,,,,,,,,,,,,,,,,,,
No.173,Li'l Nyandam,Dark Emperor Catdam,Schoolbus Nyandam,Special,Catfruit,,5,5,5,5,1,,,,,,,,,,,,,,,,,,,,,,,
No.174,Baby Mola,Young Man Mola,Citizen Mola,Super Rare,Catfruit,,,,,,,,,3,,,,,,,,,,,,,,,,,,,,
No.175,Mola King,Living Legend,Master of the Pacific,Uber Rare,Catfruit,,,,,,,,,5,,,,,,,,,,,,,,,,,,,,
No.176,Meowla Meowla,Catorpedo,No True Form,Special,None,,,,,,,,,,,,,,,,,,,,,,,,,,,,,
No.177,Marshmallow Cat,Creepmallow,No True Form,Rare,None,,,,,,,,,,,,,,,,,,,,,,,,,,,,,
No.178,Dioramos,Archdragon Dioramos,God-Emperor Dioramos,Uber Rare,Catfruit,,4,3,5,7,,,,4,,,,,,,,,,,,,,,,,,,,
No.179,Mob Cat,Yakuza Vampire,No True Form,Special,None,,,,,,,,,,,,,,,,,,,,,,,,,,,,,
No.180,Takuya & Yuki,"Takuya, Yuki & Cat",Takuya & Lovely Yuki,Rare,,,,,,,,,,,,,,,,,,,,,,,,,,,,,,
No.181,Mystery Girl Yuki,Mystery Yuki & Cat,Mystery Catgirl Yuki,Uber Rare,Catfruit,,,,3,3,,,,1,,,,,,,,,,,,,,,,,,,,
No.182,Yuki Cat,Lovely Yuki Cat,No True Form,Special,None,,,,,,,,,,,,,,,,,,,,,,,,,,,,,
No.184,Cat Kart R,Cat Kart G,Cat Kart P,Rare,,,,,,,,,,,,,,,,,,,,,,,,,,,,,,
No.185,Mr. Ninja,Mint,No True Form,Special,None,,,,,,,,,,,,,,,,,,,,,,,,,,,,,
No.186,Hearscht,Hearscht CC,Revolutionary Hearscht CC,Uber Rare,Catfruit,,3,3,,,,,,1,,,,,,,,,,,,,,,,,,,,
No.187,Cornelia,Cornelia CC,No True Form,Uber Rare,None,,,,,,,,,,,,,,,,,,,,,,,,,,,,,
No.188,Juvens,Juvens CC,Holiday Juvens CC,Uber Rare,Catfruit,3,,,,3,,,,1,,,,,,,,,,,,,,,,,,,,
No.189,Mystica,Mystica CC,Savior Mystica CC,Uber Rare,Catfruit,,6,,,,,,,3,,,,,,,,,,,,,,,,,,,,
No.190,Alois,Alois CC,No True Form,Super Rare,None,,,,,,,,,,,,,,,,,,,,,,,,,,,,,
No.191,Citrouille,Citrouille CC,No True Form,Super Rare,None,,,,,,,,,,,,,,,,,,,,,,,,,,,,,
No.192,Titi,Titi CC,Titi Cat CC,Special,,,,,,,,,,,,,,,,,,,,,,,,,,,,,,
No.193,Yamaoka Minori,Queen Minori,No True Form,Special,None,,,,,,,,,,,,,,,,,,,,,,,,,,,,,
No.194,Nakamura Kanae,Queen Kanae,No True Form,Special,None,,,,,,,,,,,,,,,,,,,,,,,,,,,,,
No.195,Akira,Shadow Akira,Inferno Akira,Uber Rare,Catfruit,,3,8,2,7,,,,4,,,,,,,,,,,,,,,,,,,,
No.196,Mekako Saionji,Dr. Mekako,Mission Control Mekako,Uber Rare,Catfruit,,7,7,4,3,,,,3,,,,,,,,,,,,,,,,,,,,
No.197,Catman,Dark Catman,Ultimate Catman,Uber Rare,Catfruit,3,4,8,3,,2,,,,,,,,,,,,,,,,,,,,,,,
No.198,Psychocat,Neo Psychocat,Corrupted Psychocat,Rare,Catfruit,,,2,,,,,,,2,3,2,,1,,,,,,,,,,,,,,,
No.199,Onmyoji Cat,Magica Cat,Thaumaturge Cat,Rare,Catfruit,,,,2,,,,,,1,,2,2,3,,,,,,,,,,,,,,,
No.200,Surfer Cat,Castaway Cat,Seafarer Cat,Super Rare,Catfruit,,2,4,1,1,,,,1,,,,,,,,,,,,,,,,,,,,
No.201,Metal Cat,Metal Macho,No True Form,Super Rare,None,,,,,,,,,,,,,,,,,,,,,,,,,,,,,
No.202,Drumcorps Cat,Banner Cat,Mochi Cat,Rare,,,,,,,,,,,,,,,,,,,,,,,,,,,,,,
No.203,Baozi Cat,Big Baozi,No True Form,Special,None,,,,,,,,,,,,,,,,,,,,,,,,,,,,,
No.204,Kachi-Kachi,Fire Squad Kachiyama,Kachiyama Assault Brigade,Uber Rare,Catfruit,,3,6,3,6,,,,3,,,,,,,,,,,,,,,,,,,,
No.205,Felyne,Felyne & Melynx,No True Form,Special,None,,,,,,,,,,,,,,,,,,,,,,,,,,,,,
No.206,Sheria - Kirin,Sheria - KirinX,No True Form,Special,None,,,,,,,,,,,,,,,,,,,,,,,,,,,,,
No.207,Rathalos,Rathalos & Cat,No True Form,Special,None,,,,,,,,,,,,,,,,,,,,,,,,,,,,,
No.208,Rathian,Rathian & Cat,No True Form,Special,None,,,,,,,,,,,,,,,,,,,,,,,,,,,,,
No.209,Kirin Cat,Kirin Cat Kirin,No True Form,Special,None,,,,,,,,,,,,,,,,,,,,,,,,,,,,,
No.210,Li'l Cat,Li'l Macho Cat,Li'l Mohawk Cat,Special,,,,,,,,,,,,,,,,,,,,,,,,,,,,,,
No.211,Li'l Tank Cat,Li'l Wall Cat,Li'l Eraser Cat,Special,,,,,,,,,,,,,,,,,,,,,,,,,,,,,,
No.212,Li'l Ae Cat,Li'l Brave Cat,Li'l Dark Cat,Special,,,,,,,,,,,,,,,,,,,,,,,,,,,,,,
No.213,The White Rabbit,The Black Cat,The Grey Fox,Uber Rare,Catfruit,6,4,6,,2,,,,3,,,,,,,,,,,,,,,,,,,,
No.214,Catburger,Cat Royale,Value Meal Cat,Special,Catfruit,,,,,,,,,,1,,,,,,,,,,,,,,,,,,,
No.215,HYAKUTARO,HYAKUTARO CC,No True Form,Rare,None,,,,,,,,,,,,,,,,,,,,,,,,,,,,,
No.216,MARCO,MARCO CC,No True Form,Rare,None,,,,,,,,,,,,,,,,,,,,,,,,,,,,,
No.217,TARMA,TARMA CC,No True Form,Rare,None,,,,,,,,,,,,,,,,,,,,,,,,,,,,,
No.218,ERI,ERI CC,No True Form,Rare,None,,,,,,,,,,,,,,,,,,,,,,,,,,,,,
No.219,FIO,FIO CC,No True Form,Rare,None,,,,,,,,,,,,,,,,,,,,,,,,,,,,,
No.220,SV-001,SV-001 CC,No True Form,Super Rare,None,,,,,,,,,,,,,,,,,,,,,,,,,,,,,
No.221,ALLEN O'NEIL,ALLEN O'NEIL CC,No True Form,Super Rare,None,,,,,,,,,,,,,,,,,,,,,,,,,,,,,
No.222,MARS PEOPLE,MARS PEOPLE CC,No True Form,Rare,None,,,,,,,,,,,,,,,,,,,,,,,,,,,,,
No.223,HUGE HERMIT,HUGE HERMIT CC,GOLDEN HUGE HERMIT CC,Uber Rare,"Catfruit, Behemoth stones",,,,,,,,,1,,,,,,,,,,,,3,3,,,,,,,
No.224,JUPITER KING,JUPITER KING CC,GOLDEN JUPITER CC,Uber Rare,Catfruit,,,3,,3,,,,1,,,,,,,,,,,,,,,,,,,,
No.225,DONALD MORDEN,GENERAL MORDEN,GOLDEN MORDEN CC,Uber Rare,"Catfruit, Behemoth stones",3,,3,,,,,,,,,,,,,,,,,,,,1,,,,,,
No.226,HI-DO,HI-DO CC,HI-DO MK III,Uber Rare,Catfruit,,,,3,3,,,,1,,,,,,,,,,,,,,,,,,,,
No.227,Warlock and Pierre,Dark Merchant Babil,Mad Doctor Klay,Uber Rare,Catfruit,2,,8,3,4,,,,3,,,,,,,,,,,,,,,,,,,,
No.228,Pumpcat,Cat O'Lantern,Harbinger Cat,Rare,Behemoth stones,,,,,,,,,,,,,,,,,,,20,,,15,1,,,,,,
No.229,Gloomy Neneko,Witchy Neneko,Costumed Witchy Neneko,Super Rare,Catfruit,5,5,5,5,5,,,,,,,,,,,,,,,,,,,,,,,,
No.230,Hallowindy,"Hallowindy, type α",No True Form,Uber Rare,None,,,,,,,,,,,,,,,,,,,,,,,,,,,,,
No.231,Spooky Thundia,"Spooky Thundia, type β",No True Form,Uber Rare,None,,,,,,,,,,,,,,,,,,,,,,,,,,,,,
No.232,Oden,Oden CC,No True Form,Special,None,,,,,,,,,,,,,,,,,,,,,,,,,,,,,
No.233,Junior God of Light - Valkyrie,Junior God of Light - Valkyrie CC,No True Form,Rare,None,,,,,,,,,,,,,,,,,,,,,,,,,,,,,
No.234,Junior God Brynhildr,Junior God Brynhildr CC,No True Form,Rare,None,,,,,,,,,,,,,,,,,,,,,,,,,,,,,
No.235,Junior God Suruzu,Junior God Suruzu CC,No True Form,Rare,None,,,,,,,,,,,,,,,,,,,,,,,,,,,,,
No.236,Goddess of Abundance - Freya,Goddess of Abundance - Freya CC,No True Form,Super Rare,None,,,,,,,,,,,,,,,,,,,,,,,,,,,,,
No.237,God of War - Odin,God of War - Odin CC,No True Form,Uber Rare,None,,,,,,,,,,,,,,,,,,,,,,,,,,,,,
No.238,Freshman Cat Jobs,Prof. Cat Jobs,Headmaster Cat Jobs,Super Rare,Catfruit,,,,,,,,,5,1,,,,,,,,,,,,,,,,,,,
No.239,Rich Cat III,Rich Cat Sr.,Richest Cat,Super Rare,Catfruit,,,,,,,,,5,,,,,1,,,,,,,,,,,,,,,
No.240,Sniper the Recruit,Sniper the Heavy,Sniper the Deadeye,Super Rare,Catfruit,,,,,,,,,5,,,,1,,,,,,,,,,,,,,,,
No.241,Togeluga,Togelan Pasalan,Shishilan Pasalan,Uber Rare,Catfruit,5,5,6,,5,,,,2,,,,,,,,,,,,,,,,,,,,
No.242,Frosty Kai,"Frosty Kai, type μ","Frostspirit Kai, type μ",Uber Rare,Catfruit,,,3,,3,,,,3,,,,,,,,,,,,,,,,,,,,
No.243,Santa Kuu,"Santa Kuu, type γ",No True Form,Uber Rare,None,,,,,,,,,,,,,,,,,,,,,,,,,,,,,
No.244,Holy Coppermine,"Holy Coppermine, type κ",No True Form,Uber Rare,None,,,,,,,,,,,,,,,,,,,,,,,,,,,,,
No.245,A Gift of Cats,Cat's Gift,No True Form,Rare,None,,,,,,,,,,,,,,,,,,,,,,,,,,,,,
No.246,Li'l Gross Cat,Li'l Sexy Legs Cat,Li'l Macho Legs Cat,Special,,,,,,,,,,,,,,,,,,,,,,,,,,,,,,
No.247,Li'l Cow Cat,Li'l Giraffe Cat,Li'l Lion Cat,Special,,,,,,,,,,,,,,,,,,,,,,,,,,,,,,
No.248,Li'l Bird Cat,Li'l UFO Cat,Li'l Flying Cat,Special,,,,,,,,,,,,,,,,,,,,,,,,,,,,,,
No.249,Undead Cat,Bake-Nyanko,Extra-Life Cat,Special,Catfruit,,,,,,,,,,5,5,5,,,,,,,,,,,,,,,,,
No.250,Swordsman,Sailor Swordsman,Swordsman of the Ming Emperor,Rare,,,,,,,,,,,,,,,,,,,,,,,,,,,,,,
No.251,Horsemen Cavalry,Forest Horsemen Cavalry,Thunderclap Horsemen Cavalry,Rare,,,,,,,,,,,,,,,,,,,,,,,,,,,,,,
No.252,Ashura,Warrior Ashura,Kabukimono Ashura,Rare,,,,,,,,,,,,,,,,,,,,,,,,,,,,,,
No.253,Battle Balloon,Pirate Battle Balloon,Battle Balloon UFO,Rare,,,,,,,,,,,,,,,,,,,,,,,,,,,,,,
No.254,Dragon Rider,Horn Dragon Rider,Flame Dragon Rider,Rare,,,,,,,,,,,,,,,,,,,,,,,,,,,,,,
No.255,Pretty Cat,Lovely Pretty Cat,Cyber Pretty Cat,Rare,,,,,,,,,,,,,,,,,,,,,,,,,,,,,,
No.256,Cyclops,Cyclops of Steel,Cyclops of Time-space,Rare,,,,,,,,,,,,,,,,,,,,,,,,,,,,,,
No.257,Golem,Rabbit Golem,Volcano Golem,Special,,,,,,,,,,,,,,,,,,,,,,,,,,,,,,
No.258,Thunder God Zeus,The Majestic Zeus,Almighty Zeus,Uber Rare,Catfruit,,,,,5,,,,,,,,,,,,,1,,,,,,,,,,,
No.259,Anubis the Protector,Anubis the Unblemished,Almighty Anubis,Uber Rare,Catfruit,5,,,,,,,,,,,,,,,,,1,,,,,,,,,,,
No.260,Radiant Aphrodite,Megaphrodite,Almighty Aphrodite,Uber Rare,Catfruit,,,5,,,,,,,,,,,,,,,1,,,,,,,,,,,
No.261,Catway,Drone Cat,Time Traveller Cat,Super Rare,,,,,,,,,,,,,,,,,,,,,,,,,,,,,,
No.262,Hayabusa,Oni Hayabusa,Akuma Hayabusa,Uber Rare,Catfruit,4,3,8,2,,,,,3,,,,,,,,,,,,,,,,,,,,
No.263,Nyamusu,Neko Nyamusu,No True Form,Special,None,,,,,,,,,,,,,,,,,,,,,,,,,,,,,
No.264,Pochi,Tank Pochi,No True Form,Special,None,,,,,,,,,,,,,,,,,,,,,,,,,,,,,
No.265,Kuromi,Kuromi and Cats,No True Form,Special,None,,,,,,,,,,,,,,,,,,,,,,,,,,,,,
No.266,Setsuko,Setsuko Love Mackerel,No True Form,Special,None,,,,,,,,,,,,,,,,,,,,,,,,,,,,,
No.267,Nebaaru-kun,Nebaaru-kun and Cat,No True Form,Special,None,,,,,,,,,,,,,,,,,,,,,,,,,,,,,
No.268,Catornado,Hurricat,Catyphoon,Super Rare,,,,,,,,,,,,,,,,,,,,,,,,,,,,,,
No.269,Red Riding Mina,Crimson Mina,Awakened Mina,Special,Catfruit,10,,,,,1,,,5,10,,,,,,,,,,,,,,,,,,,
No.270,Baby Gao,Mighty Lord Gao,No True Form,Uber Rare,None,,,,,,,,,,,,,,,,,,,,,,,,,,,,,
No.271,Crazed Yuki,Crazed Yuki & Cat,Crazed Catgirl Yuki,Uber Rare,Catfruit,3,3,,,,,,,1,,,,,,,,,,,,,,,,,,,,
No.272,Shining Amaterasu,Glorious Amaterasu,Almighty Amaterasu,Uber Rare,Catfruit,5,,,,,,,,,,,,,,,,,1,,,,,,,,,,,
No.273,Splendid Ganesha,Exalted Ganesha,Almighty Ganesha,Uber Rare,Catfruit,,,,5,,,,,,,,,,,,,,1,,,,,,,,,,,
No.274,Cheerleader Cat,Waitress Cat,Soba Cat,Super Rare,,,,,,,,,,,,,,,,,,,,,,,,,,,,,,
No.275,Tropical Kalisa,"Tropical Kalisa, type X",No True Form,Uber Rare,None,,,,,,,,,,,,,,,,,,,,,,,,,,,,,
No.276,Midsummer Rabbit,Midsummer Cat,No True Form,Uber Rare,None,,,,,,,,,,,,,,,,,,,,,,,,,,,,,
No.277,Sunny Neneko,Seaside Neneko,Early Summer Neneko,Super Rare,Catfruit,3,,3,,3,,,,3,,,,,,,1,,,,,,,,,,,,,
No.278,Funghi,Funghi 'n' Cat,No True Form,Rare,None,,,,,,,,,,,,,,,,,,,,,,,,,,,,,
No.279,Tanky,Tanky 'n' Cat,No True Form,Special,None,,,,,,,,,,,,,,,,,,,,,,,,,,,,,
No.280,White Cat,Gross White Cat,No True Form,Special,None,,,,,,,,,,,,,,,,,,,,,,,,,,,,,
No.281,Fortressy,Castley,No True Form,Special,None,,,,,,,,,,,,,,,,,,,,,,,,,,,,,
No.282,Futenyan,Massaging Futenyan,No True Form,Rare,None,,,,,,,,,,,,,,,,,,,,,,,,,,,,,
No.283,Awa-Odori Cat,So-Ran Cat,Gorgeous Groovin' Cat,Rare,Behemoth stones,,,,,,,,,,,,,,,,,,,,20,,15,1,,,,,,
No.284,Pai-Pai,Pai-Pai Z,Pai-Pai DX,Uber Rare,Catfruit,15,,,,,,,,1,,,,,,,,,,,,,,,,,,,,
No.285,Epress Cat,Maglev Cat,Bullet Train Cat,Super Rare,,,,,,,,,,,,,,,,,,,,,,,,,,,,,,
No.287,Strike Unit R.E.I.,Assault Unit R.E.I.,Flight Unit R.E.I.,Uber Rare,Catfruit,,,,15,,,,,1,,,,,,,,,,,,,,,,,,,,
No.288,Little Leaguer Cat,Major Leaguer Cat,Golfer Cat,Super Rare,,,,,,,,,,,,,,,,,,,,,,,,,,,,,,
No.289,Madoka Kaname,Madoka & Cat,No True Form,Uber Rare,None,,,,,,,,,,,,,,,,,,,,,,,,,,,,,
No.290,Homura Akemi,Homura & Cat,No True Form,Uber Rare,None,,,,,,,,,,,,,,,,,,,,,,,,,,,,,
No.291,Sayaka Miki,Sayaka & Cat,No True Form,Uber Rare,None,,,,,,,,,,,,,,,,,,,,,,,,,,,,,
No.292,Mami Tomoe,Mami & Cat,No True Form,Uber Rare,None,,,,,,,,,,,,,,,,,,,,,,,,,,,,,
No.293,Kyoko Sakura,Kyoko & Cat,No True Form,Uber Rare,None,,,,,,,,,,,,,,,,,,,,,,,,,,,,,
No.294,Kyubey,Kyubey & Cat,No True Form,Super Rare,None,,,,,,,,,,,,,,,,,,,,,,,,,,,,,
No.295,Madoka Cat,Magical Girl Madoka Cat,No True Form,Rare,None,,,,,,,,,,,,,,,,,,,,,,,,,,,,,
No.296,Homura Cat,Magical Girl Homura Cat,No True Form,Rare,None,,,,,,,,,,,,,,,,,,,,,,,,,,,,,
No.297,Sayaka Cat,Magical Girl Sayaka Cat,No True Form,Rare,None,,,,,,,,,,,,,,,,,,,,,,,,,,,,,
No.298,Mami Cat,Magical Girl Mami Cat,No True Form,Rare,None,,,,,,,,,,,,,,,,,,,,,,,,,,,,,
No.299,Kyoko Cat,Magical Girl Kyoko Cat,No True Form,Rare,None,,,,,,,,,,,,,,,,,,,,,,,,,,,,,
No.300,Li'l Madoka,Li'l Magical Girl Madoka,Li'l Ultimate Madoka,Rare,,,,,,,,,,,,,,,,,,,,,,,,,,,,,,
No.301,Li'l Homura,Li'l Magical Girl Homura,Li'l Devil Homura,Special,,,,,,,,,,,,,,,,,,,,,,,,,,,,,,
No.302,Kyubey Cat,Tank Kyubey Cat,No True Form,Rare,None,,,,,,,,,,,,,,,,,,,,,,,,,,,,,
No.303,Lilith Cat,Succubus Cat,Queen Succubus Cat,Uber Rare,Catfruit,1,,,,5,,,,,,,,,,,,,,,,,,,,,,,,
No.304,Food Stall Cat,Delivery Cat,Cafeteria Cat,Rare,,,,,,,,,,,,,,,,,,,,,,,,,,,,,,
No.305,Mighty Kat-A-Pult,CAT-6 Siege Engine,CAT-8 Behemoth,Uber Rare,Catfruit,7,4,4,,3,,,,3,,,,,,,,,,,,,,,,,,,,
No.306,Mighty Drednot,B.C.S. Lionheart,B.C.S. Tigerclaw,Uber Rare,Catfruit,6,3,6,3,,,,,3,,,,,,,,,,,,,,,,,,,,
No.307,Mighty Bomburr,NEK-0 Sky Fortress,NEK-02 Air Citadel,Uber Rare,Catfruit,4,,4,7,3,,,,3,,,,,,,,,,,,,,,,,,,,
No.308,Vaulter Cat,Polevaulter Cat,Housewife Cat,Super Rare,Catfruit,2,4,1,1,,,,,1,,,,,,,,,,,,,,,,,,,,
No.309,Gardener Cat,Lumbercat,Weedwacker Cat,Rare,Catfruit,,2,,,,,,,,2,1,,3,2,,,,,,,,,,,,,,,
No.310,Neko Hakase,Neko Hakase and Cat,No True Form,Special,None,,,,,,,,,,,,,,,,,,,,,,,,,,,,,
No.311,Yuletide Nurse,Yule Knight Nurse,Xmas Spirit Nurse,Uber Rare,Catfruit,,,5,1,,,,,,,,,,,,,,,,,,,,,,,,,
No.312,Li'l Fish Cat,Li'l Whale Cat,Li'l Island Cat,Special,,,,,,,,,,,,,,,,,,,,,,,,,,,,,,
No.313,Li'l Lizard Cat,Li'l Dragon Cat,Li'l King Dragon Cat,Special,,,,,,,,,,,,,,,,,,,,,,,,,,,,,,
No.314,Li'l Titan Cat,Li'l Mythical Titan,Li'l Jamiera Cat,Special,,,,,,,,,,,,,,,,,,,,,,,,,,,,,,
No.315,Years-End Neneko,New Year Neneko,Festive New Year Neneko,Super Rare,Catfruit,,,,,,,,,,,3,3,,3,,,,1,,,,,,,,,,,
No.316,PIKOTARO,NEKOTARO,No True Form,Rare,None,,,,,,,,,,,,,,,,,,,,,,,,,,,,,
No.317,Wrathful Poseidon,Valiant Poseidon,Almighty Poseidon,Uber Rare,Catfruit,,,5,,,,,,,,,,,,,,,1,,,,,,,,,,,
No.318,CPAC,PPAP,No True Form,Special,None,,,,,,,,,,,,,,,,,,,,,,,,,,,,,
No.319,Miko Mitama,Mitama the Oracle,No True Form,Uber Rare,None,,,,,,,,,,,,,,,,,,,,,,,,,,,,,
No.320,Killer Cat,True Killer Cat,Radical Cat,Rare,Behemoth stones,,,,,,,,,,,,,,,,,,,3,3,3,3,3,,,,,,
No.322,Nazousagi,Miya Ōdō Rabbit,No True Form,Special,None,,,,,,,,,,,,,,,,,,,,,,,,,,,,,
No.323,Sarukani,Rock Revengers,The One-Hit Wonders,Uber Rare,Catfruit,,7,2,3,7,,,,4,,,,,,,,,,,,,,,,,,,,
No.324,Miyamoku Musashi,Heroic Musashi,Awakened Musashi,Special,Catfruit,,10,10,10,10,1,,,,,,,,,,,,,,,,,,,,,,,
No.325,Curling Cat,Zamboney Cat,Green Shell Cat,Rare,,,,,,,,,,,,,,,,,,,,,,,,,,,,,,
No.326,Welterweight Cat,Heavyweight Cat,Ectoweight Cat,Rare,Catfruit,2,,1,2,3,,,,,,,2,,,,,,,,,,,,,,,,,
No.327,Mobius,Miraculous Mobius,No True Form,Uber Rare,None,,,,,,,,,,,,,,,,,,,,,,,,,,,,,
No.328,Belial,Reckless Belial,No True Form,Super Rare,None,,,,,,,,,,,,,,,,,,,,,,,,,,,,,
No.329,Happy 100,Heartful Happy 100,No True Form,Special,None,,,,,,,,,,,,,,,,,,,,,,,,,,,,,
No.330,Eggy Cat,Easter Cat,Easter Egg Cat,Rare,,,,,,,,,,,,,,,,,,,,,,,,,,,,,,
No.331,Springtime Kenshin,Full-Bloom Kenshin,Spring Breeze Kenshin,Uber Rare,Catfruit,,,,,5,,,,,,,,,,,1,,,,,,,,,,,,,
No.332,Bunny & Canard,Disciple Psychoduck,Malevolent Mad-Duck,Uber Rare,Catfruit,5,1,,,,,,,,,,,,,,,,,,,,,,,,,,,
No.333,Easter Neneko,Hoppity Neneko,Blossoming Neneko,Super Rare,Catfruit,,,3,,,,,,3,3,,,,3,,1,,,,,,,,,,,,,
No.334,Shadow Gao,Diabolic Gao,No True Form,Uber Rare,None,,,,,,,,,,,,,,,,,,,,,,,,,,,,,
No.335,Trickster Himeyuri,Himeyuri Ninetails,Fox Queen Himeyuri,Uber Rare,Catfruit,4,2,,6,6,,,,3,,,,,,,,,,,,,,,,,,,,
No.336,Sea Maiden Ruri,Sea Mistress Ruri,Mer-Queen Ruri,Uber Rare,Catfruit,8,4,2,4,,,,,3,,,,,,,,,,,,,,,,,,,,
No.337,Queen Reika,Pharoah Reika,Eternal Reika,Uber Rare,Catfruit,4,6,6,,2,,,,3,,,,,,,,,,,,,,,,,,,,
No.338,HMS Princess,HMS Princess CC,HMS Princess II CC,Uber Rare,Catfruit,,,,,,,,,3,,,,,,,,,,,,,,,,,,,,
No.339,Imagawa Yoshimoto,Wargod Yoshimoto,Immortal Yoshimoto,Uber Rare,Catfruit,3,7,,4,4,,,,3,,,,,,,,,,,,,,,,,,,,
No.341,Redhead Yuki Cat,Redhead Lovely Yuki Cat,Redhead Muscled Yuki Cat,Rare,,,,,,,,,,,,,,,,,,,,,,,,,,,,,,
No.342,Lost World Yuki,Lost World Yuki & Cat,Lost World Catgirl Yuki,Uber Rare,Catfruit,,,3,,3,,,,1,,,,,,,,,,,,,,,,,,,,
No.343,Maneki Cat,Neo Maneki Cat,No True Form,Special,None,,,,,,,,,,,,,,,,,,,,,,,,,,,,,
No.344,Slug Jockey Cat,Slugcat,No True Form,Rare,None,,,,,,,,,,,,,,,,,,,,,,,,,,,,,
No.345,Orthos,Orthos CC,Artist Orthos CC,Super Rare,Catfruit,,,,3,,,,,,,,,,,,,,,,,,,,,,,,,
No.346,Michelia,Michelia CC,Naptime Michelia CC,Uber Rare,Catfruit,,,,3,3,,,,1,,,,,,,,,,,,,,,,,,,,
No.347,Todomeki,Todomeki CC,No True Form,Uber Rare,None,,,,,,,,,,,,,,,,,,,,,,,,,,,,,
No.348,Gudetama Cat,Gude Omelette Cat,Gudebene Cat,Special,,,,,,,,,,,,,,,,,,,,,,,,,,,,,,
No.349,Gudetama Plate,Gudetama Bacon Plate,No True Form,Rare,None,,,,,,,,,,,,,,,,,,,,,,,,,,,,,
No.350,Gudegude Pudding,Gudegude à la mode,No True Form,Super Rare,None,,,,,,,,,,,,,,,,,,,,,,,,,,,,,
No.351,Nisetama Army,Nisetama Cat Army,No True Form,Uber Rare,None,,,,,,,,,,,,,,,,,,,,,,,,,,,,,
No.352,Twinstars,"Twinstars, type Φ",Divine Twinstars,Uber Rare,Catfruit,3,6,2,,3,,,,3,,,,,,,,,,,,,,,,,,,,
No.353,Hermit Cat,Grandmaster Cat,Masked Grandmaster Cat,Special,,,,,,,,,,,,,,,,,,,,,,,,,,,,,,
No.355,Seashore Kai,"Seashore Kai, type μ",No True Form,Uber Rare,None,,,,,,,,,,,,,,,,,,,,,,,,,,,,,
No.356,Mighty Rekon Korps,Orbital Platform Armageddon,Orbital Annihilator Ragnarok,Uber Rare,Catfruit,,3,7,4,4,,,,3,,,,,,,,,,,,,,,,,,,,
No.357,Nora,Awakened Nora,No True Form,Special,None,,,,,,,,,,,,,,,,,,,,,,,,,,,,,
No.358,Wolfchild Deale,Wolf Princess Deale,Jester Queen Deale,Uber Rare,Catfruit,1,,2,1,2,,,,5,,,,,,,,,,,,,,,,,,,,
No.359,Graveflower Verbena,Verbena the Bride,Opulent Verbena,Uber Rare,Catfruit,1,,1,2,2,,,,5,,,,,,,,,,,,,,,,,,,,
No.360,Bora,Bazibon,Bazibastra,Uber Rare,Catfruit,4,,7,3,3,,,,3,,,,,,,,,,,,,,,,,,,,
No.361,Mizli,Marinmizu,Mizuririn,Uber Rare,Catfruit,4,4,7,3,,,,,3,,,,,,,,,,,,,,,,,,,,
No.362,Aer,Erphuan,Aervanta,Uber Rare,Catfruit,4,3,7,,4,,,,3,,,,,,,,,,,,,,,,,,,,
No.363,Saber,Saber CC,Saber Alter CC,Uber Rare,Catfruit,,,,,,,,,3,,,,,,,,,,,,,,,,,,,,
No.364,Rin Tohsaka,Rin Tohsaka CC,No True Form,Uber Rare,None,,,,,,,,,,,,,,,,,,,,,,,,,,,,,
No.365,Illyasviel,Illyasviel CC,No True Form,Uber Rare,None,,,,,,,,,,,,,,,,,,,,,,,,,,,,,
No.366,Archer,Archer CC,No True Form,Uber Rare,None,,,,,,,,,,,,,,,,,,,,,,,,,,,,,
No.367,Lancer,Lancer CC,No True Form,Uber Rare,None,,,,,,,,,,,,,,,,,,,,,,,,,,,,,
No.368,Rider,Rider CC,No True Form,Uber Rare,None,,,,,,,,,,,,,,,,,,,,,,,,,,,,,
No.369,Gilgamesh,Gilgamesh CC,No True Form,Uber Rare,None,,,,,,,,,,,,,,,,,,,,,,,,,,,,,
No.370,Saber the Cat,Heroic Spirit Saber Cat,Saber Alter Cat,Special,,,,,,,,,,,,,,,,,,,,,,,,,,,,,,
No.371,Sakura the Cat,Apron Sakura Cat,Dreaming Sakura Cat,Rare,Catfruit,,,,,,,,,,1,,2,1,,,,,,,,,,,,,,,,
No.372,Rin the Cat,Mage Rin Cat,No True Form,Rare,None,,,,,,,,,,,,,,,,,,,,,,,,,,,,,
No.373,Illya the Cat,Snow Faerie Illya,No True Form,Rare,None,,,,,,,,,,,,,,,,,,,,,,,,,,,,,
No.374,Li'l Shirou,Li'l Shirou CC,No True Form,Rare,None,,,,,,,,,,,,,,,,,,,,,,,,,,,,,
No.375,Li'l Sakura,Li'l Sakura CC,No True Form,Special,None,,,,,,,,,,,,,,,,,,,,,,,,,,,,,
No.376,Coin Cat,Macho Coin Cat,No True Form,Special,None,,,,,,,,,,,,,,,,,,,,,,,,,,,,,
No.377,Rover Cat,Rover Cat Mk II,Catellite,Rare,Catfruit,,,2,,,,,,,1,2,3,,2,,,,,,,,,,,,,,,
No.378,Fencer Cat,Kendo Cat,The Kitty of Liberty,Super Rare,Catfruit,1,1,4,,2,,,,1,,,,,,,,,,,,,,,,,,,,
No.379,Dark Mitama,Gothic Mitama,No True Form,Uber Rare,None,,,,,,,,,,,,,,,,,,,,,,,,,,,,,
No.380,Volley Cat,Ballet Cat,Curry Cat,Rare,,,,,,,,,,,,,,,,,,,,,,,,,,,,,,
No.381,D'artanyan,Meow-sketeer,No True Form,Uber Rare,None,,,,,,,,,,,,,,,,,,,,,,,,,,,,,
No.382,Farmer Cat,Harvest Cat,No True Form,Special,None,,,,,,,,,,,,,,,,,,,,,,,,,,,,,
No.383,Glass Cat,Macho Glass Cat,Macho Crystal Cat,Rare,,,,,,,,,,,,,,,,,,,,,,,,,,,,,,
No.384,Masked Yulala,Mystic Yulala,Spiritual Yulala,Special,,,,,,,,,,,,,,,,,,,,,,,,,,,,,,
No.385,Satori Hikami & Cat,Satori Hikami & Cat CC,No True Form,Special,None,,,,,,,,,,,,,,,,,,,,,,,,,,,,,
No.386,Akio Yabe,Akio Yabe CC,Akio & Gunder CC,Rare,,,,,,,,,,,,,,,,,,,,,,,,,,,,,,
No.387,Sairi Nijitani,Sairi Nijitani CC,No True Form,Rare,None,,,,,,,,,,,,,,,,,,,,,,,,,,,,,
No.388,Misaki Konno,Misaki Konno CC,No True Form,Rare,None,,,,,,,,,,,,,,,,,,,,,,,,,,,,,
No.389,Ren Katagiri,Ren Katagiri CC,No True Form,Rare,None,,,,,,,,,,,,,,,,,,,,,,,,,,,,,
No.390,Karin Nekozuka,Karin Nekozuka CC,No True Form,Rare,None,,,,,,,,,,,,,,,,,,,,,,,,,,,,,
No.391,Aoi Hayakawa,Aoi Hayakawa CC,Baseball Mask α,Super Rare,Catfruit,,,3,,,,,,,,,,,,,,,,,,,,,,,,,,
No.392,Mizuki Tachibana,Mizuki Tachibana CC,Baseball Mask β,Super Rare,Catfruit,,,,,3,,,,,,,,,,,,,,,,,,,,,,,,
No.393,Hijiri Rokudo,Hijiri Rokudo CC,Baseball Mask γ,Super Rare,Catfruit,,3,,,,,,,,,,,,,,,,,,,,,,,,,,,
No.394,Saki Nijima,Saki Nijima CC,Samba Saki CC,Uber Rare,Catfruit,,3,,3,,,,,1,,,,,,,,,,,,,,,,,,,,
No.395,Subaru Hoshi,Subaru Hoshi CC,Dark Subaru CC,Uber Rare,Catfruit,3,,,,3,,,,1,,,,,,,,,,,,,,,,,,,,
No.396,Miyabi Oyama,Miyabi Oyama CC,Baseball Mask δ,Uber Rare,Catfruit,,,3,3,,,,,1,,,,,,,,,,,,,,,,,,,,
No.397,Ganglion,Ganglion the Ancient,Ganglion the Unleashed,Uber Rare,Catfruit,6,,6,3,3,,,,3,,,,,,,,,,,,,,,,,,,,
No.398,Sakura Sonic,Afterschool Sakura,Sacred Blade Sakura,Uber Rare,Catfruit,,15,,,,,,,1,,,,,,,,,,,,,,,,,,,,
No.399,Honeyto-Kun,Honeyto-Kun & Cat,No True Form,Special,None,,,,,,,,,,,,,,,,,,,,,,,,,,,,,
No.400,Mentori,Mentori CC,No True Form,Rare,None,,,,,,,,,,,,,,,,,,,,,,,,,,,,,
No.401,Imoto,Imoto CC,No True Form,Special,None,,,,,,,,,,,,,,,,,,,,,,,,,,,,,
No.402,Voli,Volta,Gigavolta,Uber Rare,Catfruit,,4,7,4,3,,,,3,,,,,,,,,,,,,,,,,,,,
No.403,Shinji & Cat,Plug Suit Shinji,Plug Suit Shinji Black,Rare,,,,,,,,,,,,,,,,,,,,,,,,,,,,,,
No.404,Gendo & Fuyutsuki Cats,Moon Gendo & Fuyutsuki Cats,No True Form,Special,None,,,,,,,,,,,,,,,,,,,,,,,,,,,,,
No.405,Giraffe Unit-01,Giraffe Unit-02,No True Form,Rare,None,,,,,,,,,,,,,,,,,,,,,,,,,,,,,
No.406,Kaworu & Cat,Plug Suit Kaworu,Moon Kaworu,Special,,,,,,,,,,,,,,,,,,,,,,,,,,,,,,
No.407,Rei Cat,Ayanami Cat (TBC),No True Form,Rare,None,,,,,,,,,,,,,,,,,,,,,,,,,,,,,
No.408,Asuka Cat,Apron Asuka,No True Form,Rare,None,,,,,,,,,,,,,,,,,,,,,,,,,,,,,
No.409,Mari Cat,Special Ops Mari,No True Form,Rare,None,,,,,,,,,,,,,,,,,,,,,,,,,,,,,
No.410,Rei Ayanami,Plug Suit Rei,Reunion Li'l Rei,Super Rare,Catfruit,,,,,3,,,,,,,,,,,,,,,,,,,,,,,,
No.411,Asuka Langley,Plug Suit Asuka,Eyepatch Li'l Asuka,Super Rare,Catfruit,3,,,,,,,,,,,,,,,,,,,,,,,,,,,,
No.412,Mari Illustrious,Plug Suit Mari,No True Form,Super Rare,None,,,,,,,,,,,,,,,,,,,,,,,,,,,,,
No.413,Eva Unit-00,Eva Unit-00 & Cat,No True Form,Uber Rare,None,,,,,,,,,,,,,,,,,,,,,,,,,,,,,
No.414,Eva Unit-01,Eva Unit-01 & Cat,Determined Unit-01 & Cat,Uber Rare,Catfruit,,,,,,,,1,,,,,,,,,,1,,,,,,,,,,,
No.415,Eva Unit-02,Eva Unit-02 & Cat,"Unit-02, Code 777",Uber Rare,Catfruit,3,,,3,,,,,1,,,,,,,,,,,,,,,,,,,,
No.416,Shinji Cat,Toji & Kensuke Cats,No True Form,Uber Rare,None,,,,,,,,,,,,,,,,,,,,,,,,,,,,,
No.417,Moon Operators,NERV Moon,No True Form,Uber Rare,None,,,,,,,,,,,,,,,,,,,,,,,,,,,,,
No.418,Mighty Thermae D-Lu,Subterra Guardians,Subterra Sentinels,Uber Rare,Catfruit,4,3,,7,4,,,,3,,,,,,,,,,,,,,,,,,,,
No.419,Crazed Moneko,Corrupted Moneko,No True Form,Special,None,,,,,,,,,,,,,,,,,,,,,,,,,,,,,
No.420,Pokota,Pokota CC,No True Form,Rare,None,,,,,,,,,,,,,,,,,,,,,,,,,,,,,
No.421,Ovis,Ovis CC,No True Form,Rare,None,,,,,,,,,,,,,,,,,,,,,,,,,,,,,
No.422,Coco,Coco CC,No True Form,Rare,None,,,,,,,,,,,,,,,,,,,,,,,,,,,,,
No.423,Moe Uzumasa & Cat,Moe Uzumasa & Cat CC,No True Form,Rare,None,,,,,,,,,,,,,,,,,,,,,,,,,,,,,
No.424,Saki Matsuga & Cat,Saki Matsuga & Cat CC,No True Form,Rare,None,,,,,,,,,,,,,,,,,,,,,,,,,,,,,
No.425,Misa Ono & Cat,Misa Ono & Cat CC,No True Form,Rare,None,,,,,,,,,,,,,,,,,,,,,,,,,,,,,
No.426,Rei Uzumasa & Cat,Rei Uzumasa & Cat CC,No True Form,Special,None,,,,,,,,,,,,,,,,,,,,,,,,,,,,,
No.427,Mecha-Bun,Mecha-Bun Mk II,Ultimate Mecha-Bun,Special,Catfruit,,,,,,1,,,10,,5,,5,5,,,,,,,,,,,,,,,
No.428,Cat Clan Heroes,Cat Guild Heroes,Cat Quest Heroes,Uber Rare,Catfruit,,,,,,,,,,3,3,3,,,1,,,1,,,,,,,,,,,
No.429,Souma Cat,Stylish Souma Cat,No True Form,Rare,None,,,,,,,,,,,,,,,,,,,,,,,,,,,,,
No.430,Otaku Geek Cat,Hacker Geek Cat,No True Form,Super Rare,None,,,,,,,,,,,,,,,,,,,,,,,,,,,,,
No.431,Gude-Cat Machine,Gude-Cat Machine - Egg,No True Form,Uber Rare,None,,,,,,,,,,,,,,,,,,,,,,,,,,,,,
No.432,Detective Vigler,Inspector Gabriel,Section Chief Gravicci,Uber Rare,Catfruit,3,3,6,6,,,,,3,,,,,,,,,,,,,,,,,,,,
No.435,White Swordsman Cat,Black Swordsman Cat,No True Form,Special,None,,,,,,,,,,,,,,,,,,,,,,,,,,,,,
No.436,Li'l Valkyrie,Wind Dancer Valkyrie,No True Form,Uber Rare,None,,,,,,,,,,,,,,,,,,,,,,,,,,,,,
No.437,Nobiluga,Nobilan Pasalan,Mystican Pasalan,Uber Rare,Catfruit,5,5,,6,5,,,,2,,,,,,,,,,,,,,,,,,,,
No.438,Cat God the Great,Cat God the Awesome,Cat God the Golden,Special,Catfruit,,,,,,,1,,,,,,,,,,,,,,,,,,,,,,
No.439,Waverider Kuu,"Waverider Kuu, type γ",No True Form,Uber Rare,None,,,,,,,,,,,,,,,,,,,,,,,,,,,,,
No.440,Empress Chronos,Chronos the Infinite,Almighty Chronos,Uber Rare,Catfruit,,,,5,,,,,,,,,,,,,,1,,,,,,,,,,,
No.441,Bebe,Nagisa & Cat,No True Form,Uber Rare,None,,,,,,,,,,,,,,,,,,,,,,,,,,,,,
No.442,D'arktanyan,Valiant D'arktanyan,No True Form,Uber Rare,None,,,,,,,,,,,,,,,,,,,,,,,,,,,,,
No.443,Lone Cat and Kitten,Vendor Cat and Kitten,Tourist Cat,Rare,,,,,,,,,,,,,,,,,,,,,,,,,,,,,,
No.444,Driller Cat,Power Driller Cat,Neo Driller Cat,Super Rare,Catfruit,,,,,,,,,,,,10,,,,,,1,,,,,,,,,,,
No.445,Piledriver Cat,Power Piledriver Cat,Neo Piledriver Cat,Super Rare,Catfruit,,,,,,,,,,,10,,,,,,,1,,,,,,,,,,,
No.446,Cutter Cat,Power Cutter Cat,Neo Cutter Cat,Super Rare,Catfruit,,,,,,,,,,10,,,,,,,,1,,,,,,,,,,,
No.447,Backhoe Cat,Power Backhoe Cat,Neo Backhoe Cat,Super Rare,Catfruit,,,,,,,,,,,,,,10,,,,1,,,,,,,,,,,
No.448,Miter Saw Cat,Power Saw Cat,Neo Saw Cat,Super Rare,Catfruit,,,,,,,,,,,,,10,,,,,1,,,,,,,,,,,
No.449,Musashi Miyamoto,Wargod Miyamoto,Immortal Miyamoto,Legend Rare,,,,,,,,,,,,,,,,,,,,,,,,,,,,,,
No.450,Headmistress Jeanne,Headmistress Jeanne ψ,No True Form,Legend Rare,None,,,,,,,,,,,,,,,,,,,,,,,,,,,,,
No.451,High Lord Babel,Babel the Darkflame,God-Emperor Babel,Legend Rare,,,,,,,,,,,,,,,,,,,,,,,,,,,,,,
No.452,Ushiwakamaru,Colossal Benkei,No True Form,Legend Rare,None,,,,,,,,,,,,,,,,,,,,,,,,,,,,,
No.453,Primordial Cat,Modern Cat,Future Cat,Rare,,,,,,,,,,,,,,,,,,,,,,,,,,,,,,
No.454,Kitarou,GeGeGe no Kitarou,No True Form,Special,None,,,,,,,,,,,,,,,,,,,,,,,,,,,,,
No.455,Medama-Oyaji,Bathing Oyaji,No True Form,Special,None,,,,,,,,,,,,,,,,,,,,,,,,,,,,,
No.456,Wonder MOMOCO,Cutie MOMOCO,No True Form,Legend Rare,None,,,,,,,,,,,,,,,,,,,,,,,,,,,,,
No.457,Sakura Matou,Sakura Matou CC,Dark Sakura CC,Uber Rare,Catfruit,,,,,,,,,3,,,,,,,,,,,,,,,,,,,,
No.458,Shirou the Cat,Novice Mage Shirou Cat,No True Form,Special,None,,,,,,,,,,,,,,,,,,,,,,,,,,,,,
No.459,Archer the Cat,Heroic Spirit Archer Cat,No True Form,Rare,None,,,,,,,,,,,,,,,,,,,,,,,,,,,,,
No.460,Rider the Cat,Heroic Spirit Rider Cat,No True Form,Rare,None,,,,,,,,,,,,,,,,,,,,,,,,,,,,,
No.461,Kotomine & Gilgamesh Cats,Gilgamesh & Kotomine Cats,No True Form,Super Rare,None,,,,,,,,,,,,,,,,,,,,,,,,,,,,,
No.462,Legeluga,Legelan Pasalan,No True Form,Legend Rare,None,,,,,,,,,,,,,,,,,,,,,,,,,,,,,
No.463,Filibuster Cat X,Filibuster Cat Y,Metafilibuster,Special,,,,,,,,,,,,,,,,,,,,,,,,,,,,,,
No.464,Mighty Kristul Muu,Doom Engine Pandora,No True Form,Legend Rare,None,,,,,,,,,,,,,,,,,,,,,,,,,,,,,
No.465,Dogumaru,Doguemon,Reborn Warrior Doguemon,Special,,,,,,,,,,,,,,,,,,,,,,,,,,,,,,
No.467,Black Zeus,Dark Lord Zeus,No True Form,Legend Rare,None,,,,,,,,,,,,,,,,,,,,,,,,,,,,,
No.468,Super Zeus,All-Powerful Super Zeus,Super S-Zeus,Uber Rare,Catfruit,2,1,,2,1,,,,1,,,,,,,,,,,,,,,,,,,,
No.469,Holy Phoeni,Holy Warrior Phoenix,Head Rococo,Uber Rare,Catfruit,,,3,3,,,,,1,,,,,,,,,,,,,,,,,,,,
No.470,Super Devil,Imposter Super Devil,Super D-Devil,Uber Rare,Catfruit,2,,,,4,,,,1,,,,,,,,,,,,,,,,,,,,
No.471,Satanmaria,Wondermaria,No True Form,Uber Rare,None,,,,,,,,,,,,,,,,,,,,,,,,,,,,,
No.472,Heracrist,Perfect Heracrist,Dark Heracrist,Uber Rare,Catfruit,,,6,6,,1,,,,,,,,,,,,,,,,,,,,,,,
No.473,Fiendish Nero,Beastly Nero,Huge Nero,Super Rare,Catfruit,,3,,,,,,,,,,,,,,,,,,,,,,,,,,,
No.474,Prince Yamato,Holy Yamato,Rampaging Yamato,Rare,,,,,,,,,,,,,,,,,,,,,,,,,,,,,,
No.475,Rosary Angel,Cross Angel,Strike Angel,Special,,,,,,,,,,,,,,,,,,,,,,,,,,,,,,
No.476,Wakamiko Cat,Warrior King Cat,No True Form,Special,None,,,,,,,,,,,,,,,,,,,,,,,,,,,,,
No.477,Cat Devil,Infernal Cat,No True Form,Special,None,,,,,,,,,,,,,,,,,,,,,,,,,,,,,
No.478,Nekonosuke,Old Guardian Cat,No True Form,Special,None,,,,,,,,,,,,,,,,,,,,,,,,,,,,,
No.479,Lumina,Luminalia,No True Form,Legend Rare,None,,,,,,,,,,,,,,,,,,,,,,,,,,,,,
No.480,Gummy Cat,Lucky Cat,Gummy Cat Soda,Special,,,,,,,,,,,,,,,,,,,,,,,,,,,,,,
No.481,Neko-Musume,Cat Neko-Musume,No True Form,Rare,None,,,,,,,,,,,,,,,,,,,,,,,,,,,,,
No.482,Doktor Heaven,Professor Abyss,No True Form,Legend Rare,None,,,,,,,,,,,,,,,,,,,,,,,,,,,,,
No.483,Benevolent Souma,Souma & Cat,Cat-Eared Souma,Uber Rare,Catfruit,,,3,3,3,,,,1,,,,,,,,,,,,,,,,,,,,
No.484,Kano & Souma,Kano & Souma & Cat,No True Form,Rare,None,,,,,,,,,,,,,,,,,,,,,,,,,,,,,
No.485,Li'l Valkyrie Dark,Dark Rider Valkyrie,No True Form,Uber Rare,None,,,,,,,,,,,,,,,,,,,,,,,,,,,,,
No.486,Calette,Calette CC,No True Form,Uber Rare,None,,,,,,,,,,,,,,,,,,,,,,,,,,,,,
No.487,Hina,Swordswoman Hina,No True Form,Super Rare,None,,,,,,,,,,,,,,,,,,,,,,,,,,,,,
No.488,Eva Unit-08,Eva Unit-08 & Cat,No True Form,Uber Rare,None,,,,,,,,,,,,,,,,,,,,,,,,,,,,,
No.489,AAA Wunder,NNN Wunder,Vanished NNN Wunder,Uber Rare,Catfruit,,3,,,3,,,,1,,,,,,,,,,,,,,,,,,,,
No.490,Misato Katsuragi,Captain Misato,No True Form,Super Rare,None,,,,,,,,,,,,,,,,,,,,,,,,,,,,,
No.491,Ritsuko Akagi,First Officer Ritsuko,No True Form,Super Rare,None,,,,,,,,,,,,,,,,,,,,,,,,,,,,,
No.492,Rei Ayanami (???),Awakened Ayanami,No True Form,Super Rare,None,,,,,,,,,,,,,,,,,,,,,,,,,,,,,
No.494,Gaia the Creator,Gaia the Supreme,No True Form,Legend Rare,None,,,,,,,,,,,,,,,,,,,,,,,,,,,,,
No.495,Seabreeze Coppermine,"Seabreeze Coppermine, type κ",No True Form,Uber Rare,None,,,,,,,,,,,,,,,,,,,,,,,,,,,,,
No.496,Matador Cat,Flamenco Cat,Bellydance Cat,Rare,Catfruit,2,,,,,,,,,1,1,,1,,,,,1,,,,,,,,,,,
No.497,Narita Kaihime,Wargod Kaihime,Immortal Kaihime,Uber Rare,Catfruit,1,3,,1,1,,,,5,,,,,,,,,,,,,,,,,,,,
No.502,Cat Bros,Baka Cat Bros,No True Form,Rare,None,,,,,,,,,,,,,,,,,,,,,,,,,,,,,
No.503,Myrcia,"Myrcia, type ξ",Divine Myrcia,Uber Rare,Catfruit,2,1,1,2,,,,,5,,,,,,,,,,,,,,,,,,,,
No.504,2D Cat,3D Cat,No True Form,Rare,None,,,,,,,,,,,,,,,,,,,,,,,,,,,,,
No.505,Fatherly Cat (Shopkeeper),Fatherly Cat (Active Service),No True Form,Special,None,,,,,,,,,,,,,,,,,,,,,,,,,,,,,
No.506,Relentless Gladios,Gladios the Annihilator,God-Emperor Gladios,Uber Rare,Catfruit,2,,1,2,1,,,,5,,,,,,,,,,,,,,,,,,,,
No.507,Eyewaltz,Eyewaltz CC,Nameless Eyewaltz CC,Uber Rare,Catfruit,3,,,3,,,,,6,,,,,,,,,,,,,,,,,,,,
No.508,Mightycat,Supercat,No True Form,Rare,None,,,,,,,,,,,,,,,,,,,,,,,,,,,,,
No.509,Ryu Cat,Ryu Cat CC,No True Form,Rare,None,,,,,,,,,,,,,,,,,,,,,,,,,,,,,
No.510,Chun-Li Cat,Chun-Li Cat CC,No True Form,Special,None,,,,,,,,,,,,,,,,,,,,,,,,,,,,,
No.511,Akuma,Akuma CC,No True Form,Legend Rare,None,,,,,,,,,,,,,,,,,,,,,,,,,,,,,
No.512,Ryu,Ryu CC,Kage,Uber Rare,Catfruit,,,,,,,,,3,,,,,,,,,,,,,,,,,,,,
No.513,Chun-Li,Chun-Li CC,No True Form,Uber Rare,None,,,,,,,,,,,,,,,,,,,,,,,,,,,,,
No.514,Guile,Guile CC,No True Form,Uber Rare,None,,,,,,,,,,,,,,,,,,,,,,,,,,,,,
No.515,Zangief,Zangief CC,No True Form,Uber Rare,None,,,,,,,,,,,,,,,,,,,,,,,,,,,,,
No.516,Blanka,Blanka CC,No True Form,Uber Rare,None,,,,,,,,,,,,,,,,,,,,,,,,,,,,,
No.517,Dhalsim,Dhalsim CC,No True Form,Uber Rare,None,,,,,,,,,,,,,,,,,,,,,,,,,,,,,
No.518,Ken,Ken CC,No True Form,Uber Rare,None,,,,,,,,,,,,,,,,,,,,,,,,,,,,,
No.519,Akuma Giraffe,Akuma Lion,No True Form,Rare,None,,,,,,,,,,,,,,,,,,,,,,,,,,,,,
No.520,Lasvoss,Ultimate Lasvoss,Lasvoss Reborn,Uber Rare,Catfruit,,,,,,1,1,,,,,,,,,,,10,,,,,,,,,,,
No.521,Good-Luck Ebisu,Bad-Luck Ebisu,No True Form,Super Rare,None,,,,,,,,,,,,,,,,,,,,,,,,,,,,,
No.522,Medusa Cat,Twintail Medusa Cat,Naga Cat,Rare,,,,,,,,,,,,,,,,,,,,,,,,,,,,,,
No.523,Nymph Cat,Medalist Cat,Fiend Cat,Super Rare,Catfruit,,,,,,,,,3,,,,,,,,,,,,,,,,,,,,
No.524,Wushu Cat,Sifu Cat,Shigong Cat,Rare,Catfruit,,,,2,,,,,,2,,3,2,1,,,,,,,,,,,,,,,
No.525,Sorakara,Sorakara & Cat,No True Form,Rare,None,,,,,,,,,,,,,,,,,,,,,,,,,,,,,
No.526,Kintaro,Kinrangers RoboForce,Kinrangers GigaForce,Uber Rare,Catfruit,4,,3,3,8,2,,,,,,,,,,,,,,,,,,,,,,,
No.527,Snow Angel Twinstars,"Snow Angel Twinstars, type Φ",No True Form,Uber Rare,None,,,,,,,,,,,,,,,,,,,,,,,,,,,,,
No.528,Slime Cat,Jellycat,Jelly Dumpling Cat,Rare,,,,,,,,,,,,,,,,,,,,,,,,,,,,,,
No.529,Cossack Cat,Vodka Cat,Royal Guard Cat,Rare,,,,,,,,,,,,,,,,,,,,,,,,,,,,,,
No.530,Kasli the Scourge,Ritual Saint Kasli,No True Form,Uber Rare,None,,,,,,,,,,,,,,,,,,,,,,,,,,,,,
No.531,Herme,Herme CC,No True Form,Uber Rare,None,,,,,,,,,,,,,,,,,,,,,,,,,,,,,
No.532,Teacher BearCat,Assassin BearCat,Cadaver BearCat,Rare,,,,,,,,,,,,,,,,,,,,,,,,,,,,,,
No.533,Urs & Fenrir,Urs & Minka,Awakened Urs,Special,,,,,,,,,,,,,,,,,,,,,,,,,,,,,,
No.534,Sharpshooter Saki,Nighthunter Saki,Bad Blaster Saki,Uber Rare,Catfruit,,,,,,2,,,,,,,,,,,,1,,,,,,,,,,,
No.535,Hades the Punisher,Hades the Deathdealer,Almighty Hades,Uber Rare,Catfruit,,5,,,,,,,,,,,,,,,,1,,,,,,,,,,,
No.536,Hatsune Miku,Hatsune Miku CC,No True Form,Uber Rare,None,,,,,,,,,,,,,,,,,,,,,,,,,,,,,
No.537,Sakura Miku,Sakura Miku CC,No True Form,Uber Rare,None,,,,,,,,,,,,,,,,,,,,,,,,,,,,,
No.538,Kagamine Rin & Len,Kagamine Rin & Len CC,No True Form,Uber Rare,None,,,,,,,,,,,,,,,,,,,,,,,,,,,,,
No.539,Miku Cat,Miku Cat CC,No True Form,Rare,None,,,,,,,,,,,,,,,,,,,,,,,,,,,,,
No.540,Rugby Cat,Quarterback Cat,Gridiron Cat,Rare,,,,,,,,,,,,,,,,,,,,,,,,,,,,,,
No.541,U.F.O. Cat,Yakisoba U.F.O. Cat,No True Form,Rare,None,,,,,,,,,,,,,,,,,,,,,,,,,,,,,
No.542,Yakisoba Cat,Splendid!Thick!Big!Cat,No True Form,Special,None,,,,,,,,,,,,,,,,,,,,,,,,,,,,,
No.543,Cat Boy,Cat Student,No True Form,Special,None,,,,,,,,,,,,,,,,,,,,,,,,,,,,,
No.544,Kasli the Bane,"Kasli, Daughter of Chaos",No True Form,Uber Rare,None,,,,,,,,,,,,,,,,,,,,,,,,,,,,,
No.545,Kyosaka Nanaho,True Kyosaka Nanaho,No True Form,Legend Rare,None,,,,,,,,,,,,,,,,,,,,,,,,,,,,,
No.546,Phantom Cat,Miasma Cat,No True Form,Rare,None,,,,,,,,,,,,,,,,,,,,,,,,,,,,,
No.547,Papaluga,Papalan Pasalan,Sukelan Kakulan,Uber Rare,Catfruit,,,,5,5,1,,,,,,,,,,1,,,,,,,,,,,,,
No.548,Night Oracle Rei,Heavenly Herald Rei,No True Form,Uber Rare,None,,,,,,,,,,,,,,,,,,,,,,,,,,,,,
No.549,The 4th Angel,4th Angel Cat,No True Form,Uber Rare,None,,,,,,,,,,,,,,,,,,,,,,,,,,,,,
No.550,The 6th Angel,6th Angel Cat,No True Form,Uber Rare,None,,,,,,,,,,,,,,,,,,,,,,,,,,,,,
No.551,The 10th Angel,10th Angel Cat,No True Form,Uber Rare,None,,,,,,,,,,,,,,,,,,,,,,,,,,,,,
No.552,The 9th Angel,9th Angel Cat,No True Form,Uber Rare,None,,,,,,,,,,,,,,,,,,,,,,,,,,,,,
No.553,Kaworu Cat,Moon Kaworu Cat,No True Form,Rare,None,,,,,,,,,,,,,,,,,,,,,,,,,,,,,
No.554,Bakery Cat,Boomerang Cat,Fried Chicken Cat,Rare,,,,,,,,,,,,,,,,,,,,,,,,,,,,,,
No.555,Master Uril,Mystic Uril,Esoteric Uril,Special,,,,,,,,,,,,,,,,,,,,,,,,,,,,,,
No.556,Shaman Khan,All-Loving Shaman Khan,No True Form,Uber Rare,None,,,,,,,,,,,,,,,,,,,,,,,,,,,,,
No.557,Holy Knight Alibaba,Holy King Alibaba,Ghost Alibaba,Super Rare,Catfruit,,,,,3,,,,,,,,,,,,,,,,,,,,,,,,
No.558,Heavenly Jack,Heavenly Lord Jack,No True Form,Special,None,,,,,,,,,,,,,,,,,,,,,,,,,,,,,
No.559,Gacha Cat,Lucky Gacha Cat,No True Form,Special,None,,,,,,,,,,,,,,,,,,,,,,,,,,,,,
No.560,Hell Warden Emma,Hell Sentinel Emma,Hell Commissioner Emma,Uber Rare,Catfruit,,,15,,,,,,1,,,,,,,,,,,,,,,,,,,,
No.561,Megurine Luka,Megurine Luka CC,No True Form,Uber Rare,None,,,,,,,,,,,,,,,,,,,,,,,,,,,,,
No.562,MEIKO & Cat,MEIKO & Cat CC,No True Form,Super Rare,None,,,,,,,,,,,,,,,,,,,,,,,,,,,,,
No.563,Luka Cat,Luka Cat CC,No True Form,Rare,None,,,,,,,,,,,,,,,,,,,,,,,,,,,,,
No.564,Squirtgun Saki,Aquabuster Saki,Aquablaster Saki,Uber Rare,Catfruit,3,3,,3,,,,,,,,,,,,,,1,,,,,,,,,,,
No.565,Summerluga,Bikinilan Pasalan,Fabulous Pasalan,Uber Rare,"Catfruit, Behemoth stones",,,,,,,,,3,,,,,,,,3,,,3,,,,,,,,,
No.566,Suntan Cat,Macho Suntan Cat,Permed Suntan Cat,Super Rare,Catfruit,,3,3,,3,,,,5,,,,,,,,,,,,,,,,,,,,
No.567,Lifeguard Cats,Sweet Bro Cats,Gelato Bro Cats,Super Rare,"Catfruit, Behemoth stones",3,,3,3,,,,,,,,,,,,,,,,,,3,,,,,,,
No.568,Li'l Clops Cat Egg,Li'l Clops Cat,Lightning Li'l Clops Cat,Special,Catfruit,3,3,3,3,3,,,,,,,,,,,,,,,,,,,,,,,,
No.569,Idi:N,Idi:N2,Idi:NX,Special,,,,,,,,,,,,,,,,,,,,,,,,,,,,,,
No.570,Gravi,Gravolo,Gravolodon,Uber Rare,Catfruit,4,,7,3,4,,,,3,,,,,,,,,,,,,,,,,,,,
No.571,Skull Rider Vars,Nightmare King Vars,Halloween Knight Vars,Uber Rare,Catfruit,,3,3,,,,,,3,,,,,,,,,,,,,,,,,,,,
No.572,E. Honda,E. Honda CC,No True Form,Uber Rare,None,,,,,,,,,,,,,,,,,,,,,,,,,,,,,
No.573,Balrog,Balrog CC,No True Form,Uber Rare,None,,,,,,,,,,,,,,,,,,,,,,,,,,,,,
No.574,Vega,Vega CC,No True Form,Uber Rare,None,,,,,,,,,,,,,,,,,,,,,,,,,,,,,
No.575,Sagat,Sagat CC,No True Form,Uber Rare,None,,,,,,,,,,,,,,,,,,,,,,,,,,,,,
No.576,M. Bison,M. Bison CC,No True Form,Uber Rare,None,,,,,,,,,,,,,,,,,,,,,,,,,,,,,
No.577,C. Honda,C. Honda CC,No True Form,Super Rare,None,,,,,,,,,,,,,,,,,,,,,,,,,,,,,
No.578,Balrog Cat,Balrog Cat CC,No True Form,Rare,None,,,,,,,,,,,,,,,,,,,,,,,,,,,,,
No.579,Vega Cat,Vega Cat CC,No True Form,Rare,None,,,,,,,,,,,,,,,,,,,,,,,,,,,,,
No.580,Sagat Cat,Sagat Cat CC,No True Form,Rare,None,,,,,,,,,,,,,,,,,,,,,,,,,,,,,
No.581,M. Bison Cat,M. Bison Cat CC,No True Form,Rare,None,,,,,,,,,,,,,,,,,,,,,,,,,,,,,
No.582,Stone Cat,Boulder Cat,No True Form,Rare,None,,,,,,,,,,,,,,,,,,,,,,,,,,,,,
No.583,Hatsune Miku: MM2020 Osaka,Hatsune Miku CC: MM2020 Osaka,No True Form,Uber Rare,None,,,,,,,,,,,,,,,,,,,,,,,,,,,,,
No.584,Hatsune Miku: MM2020 Tokyo,Hatsune Miku CC: MM2020 Tokyo,No True Form,Uber Rare,None,,,,,,,,,,,,,,,,,,,,,,,,,,,,,
No.585,Keiji Claus,Maeda Christmas,Maeda Christmas DX,Uber Rare,Catfruit,5,1,,,,,,,,,,,,,,,,,,,,,,,,,,,
No.586,Baby Garu,Mighty Aegis Garu,No True Form,Uber Rare,None,,,,,,,,,,,,,,,,,,,,,,,,,,,,,
No.587,Emperor Cat,Tyrant Cat,No True Form,Legend Rare,None,,,,,,,,,,,,,,,,,,,,,,,,,,,,,
No.588,Sweet Aphrodite,Chocoladite,No True Form,Uber Rare,None,,,,,,,,,,,,,,,,,,,,,,,,,,,,,
No.589,First-Love Myrcia,First-Love Myrcia ξ,No True Form,Uber Rare,None,,,,,,,,,,,,,,,,,,,,,,,,,,,,,
No.590,Valentine's Neneko,Sweetheart Neneko,True Love Neneko,Super Rare,Catfruit,,,,,,,1,,,,,,,,,1,,,,,,,,,,,,,
No.591,Snow Miku 2021,Snow Miku CC 2021,No True Form,Uber Rare,None,,,,,,,,,,,,,,,,,,,,,,,,,,,,,
No.592,KAITO & Cat,KAITO & Cat CC,No True Form,Super Rare,None,,,,,,,,,,,,,,,,,,,,,,,,,,,,,
No.593,Neko Rin,Neko Rin CC,No True Form,Rare,None,,,,,,,,,,,,,,,,,,,,,,,,,,,,,
No.594,Neko Len,Neko Len CC,No True Form,Rare,None,,,,,,,,,,,,,,,,,,,,,,,,,,,,,
No.595,Mighty Aethur Ltd.,Atlantis Logistix,Ultra Atlantis Logistix,Uber Rare,Catfruit,6,6,3,3,,,,,3,,,,,,,,,,,,,,,,,,,,
No.596,Blooming Kamukura,Everbloom Kamukura,Everbloom Lord Kamukura,Uber Rare,Catfruit,8,4,3,,3,,,,3,,,,,,,,,,,,,,,,,,,,
No.597,Ranma Saotome (M),Ranma Saotome (F),No True Form,Uber Rare,None,,,,,,,,,,,,,,,,,,,,,,,,,,,,,
No.598,Akane Tendo,Akane Tendo (Gi),No True Form,Uber Rare,None,,,,,,,,,,,,,,,,,,,,,,,,,,,,,
No.599,Ryoga Hibiki (Pig),Ryoga Hibiki,No True Form,Uber Rare,None,,,,,,,,,,,,,,,,,,,,,,,,,,,,,
No.600,Shampoo (Cat),Shampoo,No True Form,Uber Rare,None,,,,,,,,,,,,,,,,,,,,,,,,,,,,,
No.601,Mousse (Duck),Mousse,No True Form,Uber Rare,None,,,,,,,,,,,,,,,,,,,,,,,,,,,,,
No.602,Happosai,Happosai (Lewd),No True Form,Super Rare,None,,,,,,,,,,,,,,,,,,,,,,,,,,,,,
No.603,Ukyo Kuonji (GR),Ukyo Kuonji,No True Form,Super Rare,None,,,,,,,,,,,,,,,,,,,,,,,,,,,,,
No.604,Tatewaki Kuno (Gi),Tatewaki Kuno,No True Form,Super Rare,None,,,,,,,,,,,,,,,,,,,,,,,,,,,,,
No.605,Ranma Cat (M),Ranma Cat (F),No True Form,Rare,None,,,,,,,,,,,,,,,,,,,,,,,,,,,,,
No.606,Akane Cat,Akane Cat (Gi),No True Form,Rare,None,,,,,,,,,,,,,,,,,,,,,,,,,,,,,
No.607,Panda Cat,Genma Cat,No True Form,Special,None,,,,,,,,,,,,,,,,,,,,,,,,,,,,,
No.608,Adventurer Kanna,Swashbuckler Kanna,Fabled Adventure Girl Kanna,Uber Rare,Behemoth stones,,,,,,,,,,,,,,,,,,,,,5,5,5,,,,,,
No.609,Wafer Cat,Wafer Cat XL,No True Form,Special,None,,,,,,,,,,,,,,,,,,,,,,,,,,,,,
No.610,Dark Aegis Garu,Dark Beastlord Garu,No True Form,Uber Rare,None,,,,,,,,,,,,,,,,,,,,,,,,,,,,,
No.611,Gold Brick Cat,King Ingot Cat,King Nekokhamen,Special,Catfruit,,,,,,,1,,,,,,,,,,,,,,,,,,,,,,
No.612,Godzilla Cat,Shin Godzilla Cat,No True Form,Rare,None,,,,,,,,,,,,,,,,,,,,,,,,,,,,,
No.613,Princess Cat,Empress Cat,No True Form,Uber Rare,None,,,,,,,,,,,,,,,,,,,,,,,,,,,,,
No.614,Elder Mask Doron,Cat Mask Doron,Awakened Doron,Special,,,,,,,,,,,,,,,,,,,,,,,,,,,,,,
No.615,Kaguya of the Coast,The Southern Sun,The Southern Sunflare,Uber Rare,Catfruit,,,,,,,,,4,,,,,,,,,,,,,,,,,,,,
No.616,Kabuto Cat,Golden Kabuto Cat,No True Form,Special,None,,,,,,,,,,,,,,,,,,,,,,,,,,,,,
No.617,Kuwagata Cat,King Kuwagata Cat,No True Form,Special,None,,,,,,,,,,,,,,,,,,,,,,,,,,,,,
No.618,Summoner Satoru,Dark Summoner Satoru,Devil Hunter Satoru,Uber Rare,Catfruit,,,,,,,,3,,,,,,,,,,1,,,,,,,,,,,
No.619,Shiro Amakusa,Wargod Amakusa,Immortal Amakusa,Uber Rare,Catfruit,,,,,,,,3,,,,,,,,,,1,,,,,,,,,,,
No.620,Lilin,Lilin π,Divine Lilin π,Uber Rare,Catfruit,,,,,,,,,,,,,,,,,,1,,,,,,,,,,,
No.621,Hevijak the Wicked,Wicked King Hevijak,God-Emperor Hevijak,Uber Rare,Catfruit,,,,,,,,3,,,,,,,,,,1,,,,,,,,,,,
No.622,Aku Researcher,Evil Aku Researcher,Cat Researcher,Rare,,,,,,,,,,,,,,,,,,,,,,,,,,,,,,
No.623,Jagando Jr.,Lord of Ruin Jagando Jr.,No True Form,Special,None,,,,,,,,,,,,,,,,,,,,,,,,,,,,,
No.624,Pied Piper Cat,Komuso Cat,No True Form,Rare,None,,,,,,,,,,,,,,,,,,,,,,,,,,,,,
No.625,Kunio-kun,Dodgeball Kunio-kun,No True Form,Uber Rare,None,,,,,,,,,,,,,,,,,,,,,,,,,,,,,
No.626,Furiluga,Furilan Pasalan,Ragelan Pasalan,Uber Rare,Catfruit,,,,,,,,3,,,,,,,,,,1,,,,,,,,,,,
No.627,Cat Giraffe Modoki,Suruma Cat Giraffe Modoki,No True Form,Special,None,,,,,,,,,,,,,,,,,,,,,,,,,,,,,
No.628,Catnip Tricky,Tenma Catnip Tricky,No True Form,Special,None,,,,,,,,,,,,,,,,,,,,,,,,,,,,,
No.629,Catnip Dragon,Famous Catnip Dragon,No True Form,Special,None,,,,,,,,,,,,,,,,,,,,,,,,,,,,,
No.630,Brainwashed Cat,Brainwashed Macho Cat,Brainwashed Mohawk Cat,Super Rare,,,,,,,,,,,,,,,,,,,,,,,,,,,,,,
No.631,Calligraphy Cat,Tea Master Cat,No True Form,Rare,None,,,,,,,,,,,,,,,,,,,,,,,,,,,,,
No.632,Yamii,Yaminoir,Yaminora,Uber Rare,Catfruit,,,,,,,,3,,,,,,,,,,1,,,,,,,,,,,
No.633,Mighty Deth-Troy-R,Siege Walker Diabolosa,Obliterator Diabolosa,Uber Rare,Catfruit,,,,,,,,,,,,,,,,,,1,,,,,,,,,,,
No.634,Shitakiri Sparrow,Chunchun Haunters,Grand Chunchun Haunters,Uber Rare,Catfruit,,,,,,,,3,,,,,,,,,,1,,,,,,,,,,,
No.635,White Knight Cyclops,Black Knight Kyklops,Demon Knight Kyklops,Uber Rare,Catfruit,,,,,,,,3,,,,,,,,,,1,,,,,,,,,,,
No.636,Million-Dollar Cat,Hundred-Million-Dollar Cat,No True Form,Special,None,,,,,,,,,,,,,,,,,,,,,,,,,,,,,
No.637,Brainwashed Tank Cat,Brainwashed Wall Cat,Brainwashed Eraser Cat,Super Rare,,,,,,,,,,,,,,,,,,,,,,,,,,,,,,
No.638,Sora & Cat,Sora & Cat CC,No True Form,Special,None,,,,,,,,,,,,,,,,,,,,,,,,,,,,,
No.639,Nana & Cat,Nana & Cat CC,No True Form,Rare,None,,,,,,,,,,,,,,,,,,,,,,,,,,,,,
No.640,Emilia & Cat,Emilia & Cat CC,No True Form,Rare,None,,,,,,,,,,,,,,,,,,,,,,,,,,,,,
No.642,Iz the Dancer,Iz the Alluring Dancer,No True Form,Uber Rare,None,,,,,,,,,,,,,,,,,,,,,,,,,,,,,
No.643,Lucifer the Fallen,Grand Lucifer,Almighty Lucifer,Uber Rare,Catfruit,,,,,,,,3,,,,,,,,,,1,,,,,,,,,,,
No.644,Superfeline,Superfeline II,True Superfeline,Normal,,,,,,,,,,,,,,,,,,,,,,,,,,,,,,
No.645,Sweet Love Mekako,Bittersweet Mekako,Minty Love Mekako,Uber Rare,,,,,,,,,,,,,,,,,,,,,,,,,,,,,,
No.646,Brainwashed Ae Cat,Brainwashed Brave Cat,Brainwashed Dark Cat,Super Rare,,,,,,,,,,,,,,,,,,,,,,,,,,,,,,
No.647,Firecracker Cat,Macho Firecracker Cat,No True Form,Special,None,,,,,,,,,,,,,,,,,,,,,,,,,,,,,
No.648,Huntress Terun,Huntress Terun ζ,Divine Huntress Terun ζ,Uber Rare,Catfruit,6,,6,2,,,,,2,,,,,,,,,,,,,,,,,,,,
No.649,Lovestruck Lesser Demon,Lovestruck Greater Demon,No True Form,Uber Rare,None,,,,,,,,,,,,,,,,,,,,,,,,,,,,,
No.650,Hattori Hanzo,Wargod Hanzo,Immortal Hanzo,Uber Rare,Catfruit,,,,6,,,,,4,,,,,,,,,,,,,,,,,,,,
No.651,Secret Crush Cat,Girlfriend Cat,No True Form,Special,None,,,,,,,,,,,,,,,,,,,,,,,,,,,,,
No.652,Tomboy Lion Cat,Iron-Masked Lion Cat,No True Form,Special,None,,,,,,,,,,,,,,,,,,,,,,,,,,,,,
No.653,Chalkboard Eraser Cat,Chalkboard Punk Cat,No True Form,Special,None,,,,,,,,,,,,,,,,,,,,,,,,,,,,,
No.654,Elder Beast Naala,Storm Beast Naala,Awakened Naala,Special,,,,,,,,,,,,,,,,,,,,,,,,,,,,,,
No.655,Brainwashed Gross Cat,Brainwashed Sexy Legs Cat,Brainwashed Macho Legs Cat,Super Rare,,,,,,,,,,,,,,,,,,,,,,,,,,,,,,
No.656,Bliza,Blizana,Bilzarena,Uber Rare,Catfruit,,6,6,,,,,,3,,,,,,,,,,,,,,,,,,,,
No.657,Ancient Egg: N001,Mystic Egg: N001,Haniwa Cat,Special,Behemoth stones,,,,,,,,,,,,,,,,,,,10,10,,,,,,,,,
No.658,Iz the Dancer of Grief,Iz the Lady of Mourning,No True Form,Uber Rare,None,,,,,,,,,,,,,,,,,,,,,,,,,,,,,
No.659,Ancient Egg: N101,Cinnabar Egg: N101,Courier Cat,Rare,Behemoth stones,,,,,,,,,,,,,,,,,,,5,5,,,,,,,,,
No.660,Ancient Egg: N102,Teal Egg: N102,Catarzan,Rare,Behemoth stones,,,,,,,,,,,,,,,,,,,,,5,5,,,,,,,
No.661,Sea Serpent Daliasan,Sea King Daliasan,No True Form,Uber Rare,None,,,,,,,,,,,,,,,,,,,,,,,,,,,,,
No.662,Chronos the Bride,Wedding Chronos,No True Form,Uber Rare,None,,,,,,,,,,,,,,,,,,,,,,,,,,,,,
No.663,Brainwashed Cow Cat,Brainwashed Giraffe Cat,Brainwashed Lion Cat,Super Rare,,,,,,,,,,,,,,,,,,,,,,,,,,,,,,
No.664,Ancient Egg: N103,Black Egg: N103,Gas Mask Cat,Rare,Behemoth stones,,,,,,,,,,,,,,,,,,,15,15,1,,,,,,,,
No.665,Ancient Egg: N104,Green Egg: N104,Surgeon Cat,Rare,Behemoth stones,,,,,,,,,,,,,,,,,,,,,13,13,1,,,,,,
No.666,Ancient Egg: N201,Dark Egg: N201,Exorcist Cat,Special,Behemoth stones,,,,,,,,,,,,,,,,,,,10,10,,,,,,,,,
No.667,Night Beach Lilin,Night Beach Lilinπ,No True Form,Uber Rare,None,,,,,,,,,,,,,,,,,,,,,,,,,,,,,
No.668,Brainwashed Bird Cat,Brainwashed UFO Cat,Brainwashed Flying Cat,Super Rare,,,,,,,,,,,,,,,,,,,,,,,,,,,,,,
No.669,Cat Tengu,Grand Yokai Tengu,Immortal Master Tengu,Uber Rare,Catfruit,3,,,,3,,,,4,,,,,,,,,,,,,,,,,,,,
No.670,Ancient Egg: N003,Evil Egg: N003,Cat Cactus,Special,Behemoth stones,,,,,,,,,,,,,,,,,,,10,10,10,10,10,,,,,,
No.671,Ancient Egg: N202,Cinnabar Egg: N202,Armored Firefly Cat,Special,Behemoth stones,,,,,,,,,,,,,,,,,,,10,10,,,,,,,,,
No.672,Ranma Saotome (Leotard),Ranma Saotome (Cheer),No True Form,Uber Rare,None,,,,,,,,,,,,,,,,,,,,,,,,,,,,,
No.673,Genma Saotome (Panda),Genma Saotome,No True Form,Super Rare,None,,,,,,,,,,,,,,,,,,,,,,,,,,,,,
No.675,Mighty Carrowsell,Extraterrestrial Envanz,Extradimensional Envanz,Uber Rare,Catfruit,3,7,,3,4,,,,3,,,,,,,,,,,,,,,,,,,,
No.676,Ancient Egg: N105,Teal Egg: N105,Racquet Cat,Rare,Behemoth stones,,,,,,,,,,,,,,,,,,,15,15,,,1,,,,,,
No.677,Ancient Egg: N106,Amber Egg: N106,Mushroom Cat,Rare,Behemoth stones,,,,,,,,,,,,,,,,,,,,,13,13,1,,,,,,
No.678,Osamu Mikumo & Cat,Osamu Mikumo & Cat CC,No True Form,Rare,None,,,,,,,,,,,,,,,,,,,,,,,,,,,,,
No.679,Yuma Kuga & Cat,Yuma Kuga & Cat CC,No True Form,Rare,None,,,,,,,,,,,,,,,,,,,,,,,,,,,,,
No.680,Chika Amatori & Cat,Chika Amatori & Cat CC,No True Form,Special,None,,,,,,,,,,,,,,,,,,,,,,,,,,,,,
No.681,Sakura,Sakura CC,No True Form,Uber Rare,None,,,,,,,,,,,,,,,,,,,,,,,,,,,,,
No.682,Luke,Luke CC,No True Form,Uber Rare,None,,,,,,,,,,,,,,,,,,,,,,,,,,,,,
No.683,Spectral Goth Vega,Illusory Guardian Vega,No True Form,Uber Rare,None,,,,,,,,,,,,,,,,,,,,,,,,,,,,,
No.684,Count Yukimura,Nosferatu Yukimura,Vampiric Yukimura,Uber Rare,Catfruit,,3,3,6,,,,,,,,,,,,,,,,,,,,,,,,,
No.685,Brainwashed Fish Cat,Brainwashed Whale Cat,Brainwashed Island Cat,Super Rare,,,,,,,,,,,,,,,,,,,,,,,,,,,,,,
No.686,Ancient Egg: N004,Mystic Egg: N004,Supercar Cat,Special,Behemoth stones,,,,,,,,,,,,,,,,,,,12,11,10,9,8,,,,,,
No.687,Goddess of Light Sirius,Goddess of Sunrise Sirius,No True Form,Uber Rare,None,,,,,,,,,,,,,,,,,,,,,,,,,,,,,
No.688,Reindeer Terun,Reindeer Terunζ,No True Form,Uber Rare,None,,,,,,,,,,,,,,,,,,,,,,,,,,,,,
No.689,Brainwashed Lizard Cat,Brainwashed Dragon Cat,Brainwashed King Dragon Cat,Super Rare,,,,,,,,,,,,,,,,,,,,,,,,,,,,,,
No.690,Meditation Cat,Paragon Cat,No True Form,Special,None,,,,,,,,,,,,,,,,,,,,,,,,,,,,,
No.691,Child of Destiny Phono,King of Destiny Phonoa,No True Form,Uber Rare,None,,,,,,,,,,,,,,,,,,,,,,,,,,,,,
No.692,Ancient Egg: N000,Elder Egg: N000,Ape Lord Luza,Special,Behemoth stones,,,,,,,,,,,,,,,,,,,,,,,,,2,2,2,2,2
No.693,Issun Boshi,Oni Landshaker Kozuchimaru,No True Form,Uber Rare,None,,,,,,,,,,,,,,,,,,,,,,,,,,,,,
No.694,White Butler Vigler,Black Butler Vigler,No True Form,Uber Rare,None,,,,,,,,,,,,,,,,,,,,,,,,,,,,,
No.695,Brainwashed Titan Cat,Brainwashed Mythic Titan,Brainwashed Jamiera Cat,Super Rare,,,,,,,,,,,,,,,,,,,,,,,,,,,,,,
No.696,Killer Tank Cat,True Killer Tank Cat,No True Form,Rare,None,,,,,,,,,,,,,,,,,,,,,,,,,,,,,
No.697,Class Rep Cat,Stealth Class Rep Cat,No True Form,Special,None,,,,,,,,,,,,,,,,,,,,,,,,,,,,,
No.698,Ancient Egg: N107,Violet Egg: N107,Cat Chief,Rare,Behemoth stones,,,,,,,,,,,,,,,,,,,15,,13,,1,,,,,,
No.699,Thunder Jack,Bloody Jack,No True Form,Uber Rare,None,,,,,,,,,,,,,,,,,,,,,,,,,,,,,
No.700,Rabbit Satoru,Rabbit Champion Satoru,No True Form,Uber Rare,None,,,,,,,,,,,,,,,,,,,,,,,,,,,,,
No.701,Ancient Egg: N005,Mystic Egg: N005,Hitman Cat,Special,Behemoth stones,,,,,,,,,,,,,,,,,,,8,9,10,11,12,,,,,,
No.702,Kamen Rider Cat,Shin Kamen Rider Cat,No True Form,Rare,None,,,,,,,,,,,,,,,,,,,,,,,,,,,,,
No.703,Cat Godzilla,Shin Cat Godzilla,No True Form,Rare,None,,,,,,,,,,,,,,,,,,,,,,,,,,,,,
No.704,Evangelion Cat,Shin Evangelion Cat,No True Form,Rare,None,,,,,,,,,,,,,,,,,,,,,,,,,,,,,
No.705,Ultraman Cat,Shin Ultraman Cat,No True Form,Rare,None,,,,,,,,,,,,,,,,,,,,,,,,,,,,,
No.706,King of Doom Phono,King of Extinction Phono,No True Form,Uber Rare,None,,,,,,,,,,,,,,,,,,,,,,,,,,,,,
No.707,Ancient Egg: N108,Teal Egg: N108,Soap Cat,Super Rare,Behemoth stones,,,,,,,,,,,,,,,,,,,,,12,12,3,,,,,,
No.708,Ancient Egg: N109,Dark Egg: N109,Barrel Cat,Rare,Behemoth stones,,,,,,,,,,,,,,,,,,,15,15,,,1,,,,,,
No.709,Jetpack Cat,Kinjirou Cat,No True Form,Rare,None,,,,,,,,,,,,,,,,,,,,,,,,,,,,,
No.710,One-Eyed Asuka,Blue-Eyed Asuka,No True Form,Uber Rare,None,,,,,,,,,,,,,,,,,,,,,,,,,,,,,
No.711,Eva Unit-13,Eva Unit-13 & Cat,No True Form,Uber Rare,None,,,,,,,,,,,,,,,,,,,,,,,,,,,,,
No.712,Betrothed Balaluga,Betrothed Pasalan,No True Form,Uber Rare,None,,,,,,,,,,,,,,,,,,,,,,,,,,,,,
No.713,Kaoluga,Kaoluga Pasalan,No True Form,Uber Rare,None,,,,,,,,,,,,,,,,,,,,,,,,,,,,,
No.714,Ancient Egg: N203,Violet Egg: N203,Clown Cat,Special,Behemoth stones,,,,,,,,,,,,,,,,,,,10,10,,,,,,,,,
No.715,Coastal Explorer Kanna,Deep-Diver Kanna,No True Form,Uber Rare,None,,,,,,,,,,,,,,,,,,,,,,,,,,,,,
No.716,Mighty Sphin Korps,Attack Battalion Convoys,No True Form,Uber Rare,None,,,,,,,,,,,,,,,,,,,,,,,,,,,,,
No.717,Ancient Egg: N111,Mystic Egg: N111,Cop Cat,Super Rare,Behemoth stones,,,,,,,,,,,,,,,,,,,,,10,5,,,,,,1,1
No.718,Ancient Egg: N110,Amber Egg: N110,Farmboy Cat,Rare,Behemoth stones,,,,,,,,,,,,,,,,,,,20,,,,,,,2,2,,
No.719,Maize Cat,Cone Cat,No True Form,Rare,None,,,,,,,,,,,,,,,,,,,,,,,,,,,,,
No.720,Tekachi,Tetsukachi,No True Form,Uber Rare,None,,,,,,,,,,,,,,,,,,,,,,,,,,,,,
No.721,Ancient Egg: N006,Devil Egg: N006,Fallen Bear Cat,Special,Behemoth stones,,,,,,,,,,,,,,,,,,,15,,15,,,,,,2,2,2
No.722,High School Kingpin Riki,Dodgeball Riki,No True Form,Uber Rare,None,,,,,,,,,,,,,,,,,,,,,,,,,,,,,
No.723,Hatsune Miku VI,Hatsune Miku XVI CC,No True Form,Uber Rare,None,,,,,,,,,,,,,,,,,,,,,,,,,,,,,
No.724,Lightmother Aset,Nefer Aset,No True Form,Uber Rare,None,,,,,,,,,,,,,,,,,,,,,,,,,,,,,
No.725,Ancient Egg: N112,Mystic Egg: N112,Cat Egg Pod,Rare,Behemoth stones,,,,,,,,,,,,,,,,,,,15,,,15,,,2,2,,,
No.726,Ninja Girl Tomoe,Gourmand Ninja Girl Tomoe,No True Form,Uber Rare,None,,,,,,,,,,,,,,,,,,,,,,,,,,,,,
No.727,Medal King Cat,Great Medal King Cat,No True Form,Special,None,,,,,,,,,,,,,,,,,,,,,,,,,,,,,
No.728,SOL DAE ROKKER,SOL DAE ROKKER CC,No True Form,Uber Rare,None,,,,,,,,,,,,,,,,,,,,,,,,,,,,,
No.729,Master of Mind Soractes,Master of Mind Catcrates,No True Form,Special,None,,,,,,,,,,,,,,,,,,,,,,,,,,,,,
No.731,Ancient Egg: N204,Cinnabar Egg: N204,Lion Dancer Cat,Special,Behemoth stones,,,,,,,,,,,,,,,,,,,10,10,,,,,,,,,
No.732,Daybreaker Izanagi,Dawnbringer Izanagi,No True Form,Legend Rare,None,,,,,,,,,,,,,,,,,,,,,,,,,,,,,
No.734,Pegasa,Pegasa ν,No True Form,Uber Rare,None,,,,,,,,,,,,,,,,,,,,,,,,,,,,,
No.736,Principal Cat,Midlife Crisis Cat,No True Form,Special,None,,,,,,,,,,,,,,,,,,,,,,,,,,,,,
No.737,Frozen Rose Cat,Arctic Bloom Cat,No True Form,Uber Rare,None,,,,,,,,,,,,,,,,,,,,,,,,,,,,,
No.738,Floral Kalisa,"Floral Kalisa, type X",No True Form,Uber Rare,None,,,,,,,,,,,,,,,,,,,,,,,,,,,,,
No.739,Izanami of Dusk,Izanami of Eventide,No True Form,Legend Rare,None,,,,,,,,,,,,,,,,,,,,,,,,,,,,,
No.747,Kenshin Himura,Kenshin Himura CC,No True Form,Uber Rare,None,,,,,,,,,,,,,,,,,,,,,,,,,,,,,
No.748,Sanosuke Sagara,Sanosuke Sagara CC,No True Form,Uber Rare,None,,,,,,,,,,,,,,,,,,,,,,,,,,,,,
No.749,Aoshi Shinomori,Aoshi Shinomori CC,No True Form,Uber Rare,None,,,,,,,,,,,,,,,,,,,,,,,,,,,,,
No.750,Hajime Saito,Hajime Saito CC,No True Form,Uber Rare,None,,,,,,,,,,,,,,,,,,,,,,,,,,,,,
No.751,Li'l Kaoru,Li'l Kaoru CC,No True Form,Super Rare,None,,,,,,,,,,,,,,,,,,,,,,,,,,,,,
No.752,Li'l Yahiko,Li'l Yahiko CC,No True Form,Super Rare,None,,,,,,,,,,,,,,,,,,,,,,,,,,,,,
No.753,Kenshin Cat,Battosai Cat,No True Form,Rare,None,,,,,,,,,,,,,,,,,,,,,,,,,,,,,
No.754,Kaoru Cat,Swordscat Kaoru,No True Form,Special,None,,,,,,,,,,,,,,,,,,,,,,,,,,,,,
No.755,Akechi Mitsuhide,Wargod Mitsuhide,No True Form,Uber Rare,None,,,,,,,,,,,,,,,,,,,,,,,,,,,,,
No.757,Cake Machine,Wedding Cake Machine,No True Form,Uber Rare,None,,,,,,,,,,,,,,,,,,,,,,,,,,,,,
No.758,Ancient Egg: N205,Violet Egg: N205,Bride Cat,Special,Behemoth stones,,,,,,,,,,,,,,,,,,,10,10,,,,,,,,,
No.759,Trixi the Merc,Trixi the Revenant,No True Form,Uber Rare,None,,,,,,,,,,,,,,,,,,,,,,,,,,,,,
No.760,Music Fest Thundia,Music Fest Thundia β,No True Form,Uber Rare,None,,,,,,,,,,,,,,,,,,,,,,,,,,,,,
No.761,Gunduros,Ballistic Dragon Gunduros,No True Form,Uber Rare,None,,,,,,,,,,,,,,,,,,,,,,,,,,,,,
No.763,Heavenly God Super Zeus,Giga Almighty God Super Zeus,No True Form,Uber Rare,None,,,,,,,,,,,,,,,,,,,,,,,,,,,,,
No.764,Dynasaurus Cat,Mecha Dynasaurus Cat,No True Form,Uber Rare,None,,,,,,,,,,,,,,,,,,,,,,,,,,,,,
No.766,Ancient Egg: N206,Cinnabar Egg: N206,Clam Cat,Special,Behemoth stones,,,,,,,,,,,,,,,,,,,10,10,,,,,,,,,
No.767,Sardine,Sardine CC,No True Form,Special,None,,,,,,,,,,,,,,,,,,,,,,,,,,,,,
No.768,Squid,Squid CC,No True Form,Special,None,,,,,,,,,,,,,,,,,,,,,,,,,,,,,
No.769,Taitenki,Taitenki CC,No True Form,Uber Rare,None,,,,,,,,,,,,,,,,,,,,,,,,,,,,,
No.770,Hanasaka Cat,Ravenous Cherry,No True Form,Uber Rare,None,,,,,,,,,,,,,,,,,,,,,,,,,,,,,
No.772,Master of Life Dr. Nova,Master of Life Catnova,No True Form,Special,None,,,,,,,,,,,,,,,,,,,,,,,,,,,,,
No.773,Pumpkin Sodom,Sodom-o'-Lantern,No True Form,Uber Rare,None,,,,,,,,,,,,,,,,,,,,,,,,,,,,,
No.774,Mummy Sumo,Mama Mummy Sumo,No True Form,Super Rare,None,,,,,,,,,,,,,,,,,,,,,,,,,,,,,
No.775,Mech Patrol Ael,Steel Sergeant Axel,No True Form,Uber Rare,None,,,,,,,,,,,,,,,,,,,,,,,,,,,,,
No.777,Warrior Cat,Commander Cat,No True Form,Special,None,,,,,,,,,,,,,,,,,,,,,,,,,,,,,
No.778,Winter General Kaihime,Winter Commander Kaihime,No True Form,Uber Rare,None,,,,,,,,,,,,,,,,,,,,,,,,,,,,,